Influencer_Xhandle,Influencer_Name,Political_Follower_Name,Political_Followers_XHandle,Political_Followers,Political_Followers_Party,Occupation,Party Leaning,Known in US in General? ,Influencer,Number of Followers on X,Comments
@OnStrikeShow,,Ian Schlakman,@iSchlakman,3,,,,,,,
@OnStrikeShow,,Howie Hawkins,@HowieHawkins,3,,,,,,,
@OnStrikeShow,,Jessica Scarane,@JessforDelaware,3,,,,,,,
@PatTheSocialist,,Ian Schlakman,@iSchlakman,3,,,,,,,
@PatTheSocialist,,"James G. ""Jesse Ventura"" Janos",@GovJVentura,3,,,,,,,
@PatTheSocialist,,Brian Matlock,@KansasBrian,3,,,,,,,
@PeoplesParty_US,,Ian Schlakman,@iSchlakman,5,,,,,,,
@PeoplesParty_US,,Al Bartell,@BartellforGov,5,,,,,,,
@PeoplesParty_US,,"James G. ""Jesse Ventura"" Janos",@GovJVentura,5,,,,,,,
@PeoplesParty_US,,Marianne Williamson,@marwilliamson,5,,,,,,,
@PeoplesParty_US,,Howie Hawkins,@HowieHawkins,5,,,,,,,
@PunchUpPod,,Ian Schlakman,@iSchlakman,3,,,,,,,
@PunchUpPod,,"James G. ""Jesse Ventura"" Janos",@GovJVentura,3,,,,,,,
@PunchUpPod,,Brian Matlock,@KansasBrian,3,,,,,,,
@RevBlackNetwork,,Ian Schlakman,@iSchlakman,8,,,,,,,
@RevBlackNetwork,,Elijah Manley,@iElijahManley,8,,,,,,,
@RevBlackNetwork,,Sedinam Moyowasifza-Curry,@skcmcurry,8,,,,,,,
@RevBlackNetwork,,"James G. ""Jesse Ventura"" Janos",@GovJVentura,8,,,,,,,
@RevBlackNetwork,,Marianne Williamson,@marwilliamson,8,,,,,,,
@RevBlackNetwork,,David B. Collins,@dbcgreentx,8,,,,,,,
@RevBlackNetwork,,Brian Matlock,@KansasBrian,8,,,,,,,
@RevBlackNetwork,,Daniel Behrman,@DanForTexas,8,,,,,,,
@SabbySabs2,,Ian Schlakman,@iSchlakman,3,,,,,,,
@SabbySabs2,,"James G. ""Jesse Ventura"" Janos",@GovJVentura,3,,,,,,,
@SabbySabs2,,David B. Collins,@dbcgreentx,3,,,,,,,
@SarcasmStardust,,Ian Schlakman,@iSchlakman,4,,,,,,,
@SarcasmStardust,,Keenan Dunham,@Kdunham4peace,4,,,,,,,
@SarcasmStardust,,David B. Collins,@dbcgreentx,4,,,,,,,
@SarcasmStardust,,Brian Matlock,@KansasBrian,4,,,,,,,
@action_4assange,,Ian Schlakman,@iSchlakman,4,,,,,,,
@action_4assange,,Keenan Dunham,@Kdunham4peace,4,,,,,,,
@action_4assange,,David B. Collins,@dbcgreentx,4,,,,,,,
@action_4assange,,Brian Matlock,@KansasBrian,4,,,,,,,
@cmkshama,,Ian Schlakman,@iSchlakman,3,,,,,,,
@cmkshama,,Howie Hawkins,@HowieHawkins,3,,,,,,,
@cmkshama,,Jessica Scarane,@JessforDelaware,3,,,,,,,
@AdamParkhomenko,,Rick Neighbors,@VoteNeighbors,4,,,,,,,
@AdamParkhomenko,,Eric Swalwell,@ericswalwell,4,,,,,,,
@AdamParkhomenko,,Bennie J. Smith,@BennieJSmith1,4,,,,,,,
@AdamParkhomenko,,Chris Janicek,@CJSenate2020,4,,,,,,,
@DougJones,,Rick Neighbors,@VoteNeighbors,6,,,,,,,
@DougJones,,Phyllis Harvey-Hall,@PhyllisDHHall,6,,,,,,,
@DougJones,,Kiani Gardner,@KianiGardner,6,,,,,,,
@DougJones,,Doug Jones,@DougJonesHQ,6,,,,,,,
@DougJones,,Kaynen Pellegrino,@RCVAlabama,6,,,,,,,
@DougJones,,James Mackler,@James_Mackler,6,,,,,,,
@DworkinReport,,Rick Neighbors,@VoteNeighbors,4,,,,,,,
@DworkinReport,,Amy McGrath,@AmyMcGrathKY,4,,,,,,,
@DworkinReport,,Joe Walsh,@WalshFreedom,4,,,,,,,
@DworkinReport,,Jaime Harrison,@harrisonjaime,4,,,,,,,
@DworkinWeekly,,Rick Neighbors,@VoteNeighbors,4,,,,,,,
@DworkinWeekly,,Amy McGrath,@AmyMcGrathKY,4,,,,,,,
@DworkinWeekly,,Joe Walsh,@WalshFreedom,4,,,,,,,
@DworkinWeekly,,Jaime Harrison,@harrisonjaime,4,,,,,,,
@Josh_Moon,,Rick Neighbors,@VoteNeighbors,5,,,,,,,
@Josh_Moon,,Chris Pringle,@PringleforAL01,5,,,,,,,
@Josh_Moon,,Phyllis Harvey-Hall,@PhyllisDHHall,5,,,,,,,
@Josh_Moon,,Kiani Gardner,@KianiGardner,5,,,,,,,
@Josh_Moon,,Kaynen Pellegrino,@RCVAlabama,5,,,,,,,
@Morehouse,,Rick Neighbors,@VoteNeighbors,5,,,,,,,
@Morehouse,,Deborah Jackson,@MayorDAJackson,5,,,,,,,
@Morehouse,,Elizabeth Warren,@ewarren,5,,,,,,,
@Morehouse,,Pete Buttigieg,@PeteButtigieg,5,,,,,,,
@Morehouse,,Jaime Harrison,@harrisonjaime,5,,,,,,,
@OversightDems,,Rick Neighbors,@VoteNeighbors,6,,,,,,,
@OversightDems,,Deval Patrick,@DevalPatrick,6,,,,,,,
@OversightDems,,Andrew Yang,@AndrewYang,6,,,,,,,
@OversightDems,,Eric Swalwell,@ericswalwell,6,,,,,,,
@OversightDems,,Pete Buttigieg,@PeteButtigieg,6,,,,,,,
@OversightDems,,Jaime Harrison,@harrisonjaime,6,,,,,,,
@PalmerReport,,Rick Neighbors,@VoteNeighbors,4,,,,,,,
@PalmerReport,,Frederic Schultz,@FredericEsq,4,,,,,,,
@PalmerReport,,Ed Tarver,@edtarverga,4,,,,,,,
@PalmerReport,,Bennie J. Smith,@BennieJSmith1,4,,,,,,,
@RepEngland70,,Rick Neighbors,@VoteNeighbors,6,,,,,,,
@RepEngland70,,Chris Pringle,@PringleforAL01,6,,,,,,,
@RepEngland70,,James Averhart,@JAverhart24,6,,,,,,,
@RepEngland70,,Kiani Gardner,@KianiGardner,6,,,,,,,
@RepEngland70,,Doug Jones,@DougJonesHQ,6,,,,,,,
@RepEngland70,,Kaynen Pellegrino,@RCVAlabama,6,,,,,,,
@RepTerriSewell,,Rick Neighbors,@VoteNeighbors,7,,,,,,,
@RepTerriSewell,,Chris Pringle,@PringleforAL01,7,,,,,,,
@RepTerriSewell,,Phyllis Harvey-Hall,@PhyllisDHHall,7,,,,,,,
@RepTerriSewell,,Adia Winfrey,@drdia,7,,,,,,,
@RepTerriSewell,,Kiani Gardner,@KianiGardner,7,,,,,,,
@RepTerriSewell,,Doug Jones,@DougJonesHQ,7,,,,,,,
@RepTerriSewell,,Kaynen Pellegrino,@RCVAlabama,7,,,,,,,
@ReverendWarnock,,Rick Neighbors,@VoteNeighbors,6,,,,,,,
@ReverendWarnock,,President Boddie,@boddieforga,6,,,,,,,
@ReverendWarnock,,Deborah Jackson,@MayorDAJackson,6,,,,,,,
@ReverendWarnock,,Elizabeth Warren,@ewarren,6,,,,,,,
@ReverendWarnock,,Pete Buttigieg,@PeteButtigieg,6,,,,,,,
@ReverendWarnock,,Jaime Harrison,@harrisonjaime,6,,,,,,,
@TabithaK,,Rick Neighbors,@VoteNeighbors,4,,,,,,,
@TabithaK,,Phyllis Harvey-Hall,@PhyllisDHHall,4,,,,,,,
@TabithaK,,Kiani Gardner,@KianiGardner,4,,,,,,,
@TabithaK,,Kaynen Pellegrino,@RCVAlabama,4,,,,,,,
@TeamWarnock,,Rick Neighbors,@VoteNeighbors,6,,,,,,,
@TeamWarnock,,President Boddie,@boddieforga,6,,,,,,,
@TeamWarnock,,Deborah Jackson,@MayorDAJackson,6,,,,,,,
@TeamWarnock,,Elizabeth Warren,@ewarren,6,,,,,,,
@TeamWarnock,,Pete Buttigieg,@PeteButtigieg,6,,,,,,,
@TeamWarnock,,Jaime Harrison,@harrisonjaime,6,,,,,,,
@TheDemCoalition,,Rick Neighbors,@VoteNeighbors,4,,,,,,,
@TheDemCoalition,,Amy McGrath,@AmyMcGrathKY,4,,,,,,,
@TheDemCoalition,,Joe Walsh,@WalshFreedom,4,,,,,,,
@TheDemCoalition,,Jaime Harrison,@harrisonjaime,4,,,,,,,
@TheDemocrats,,Rick Neighbors,@VoteNeighbors,9,,,,,,,
@TheDemocrats,,Frederic Schultz,@FredericEsq,9,,,,,,,
@TheDemocrats,,Joe Biden,@JoeBiden,9,,,,,,,
@TheDemocrats,,Joseph R. Biden,@JoeBiden,9,,,,,,,
@TheDemocrats,,Ed Tarver,@edtarverga,9,,,,,,,
@TheDemocrats,,Kiani Gardner,@KianiGardner,9,,,,,,,
@TheDemocrats,,Amy McGrath,@AmyMcGrathKY,9,,,,,,,
@TheDemocrats,,Elizabeth Warren,@ewarren,9,,,,,,,
@TheDemocrats,,Cal Cunningham,@CalforNC,9,,,,,,,
@TheDemocrats,,Gidget Groendyk,@GroendykGidget,9,,,,,,,
@TristanSnell,,Rick Neighbors,@VoteNeighbors,3,,,,,,,
@TristanSnell,,Frederic Schultz,@FredericEsq,3,,,,,,,
@TristanSnell,,Jim Vandermaas,@votevandermaas,3,,,,,,,
@funder,,Rick Neighbors,@VoteNeighbors,5,,,,,,,
@funder,,Michael Puskar,@mbpuskar,5,,,,,,,
@funder,,Amy McGrath,@AmyMcGrathKY,5,,,,,,,
@funder,,Joe Walsh,@WalshFreedom,5,,,,,,,
@funder,,Jaime Harrison,@harrisonjaime,5,,,,,,,
@msnbc,,Rick Neighbors,@VoteNeighbors,8,,,,,,,
@msnbc,,Michael Levinson,@Lev4president,8,,,,,,,
@msnbc,,Bill Weld,@GovBillWeld,8,,,,,,,
@msnbc,,President Boddie,@boddieforga,8,,,,,,,
@msnbc,,Ed Tarver,@edtarverga,8,,,,,,,
@msnbc,,Allen Buckley,@BuckleyForGA,8,,,,,,,
@msnbc,,A. Wayne Johnson,@WayneJohnson4GA,8,,,,,,,
@msnbc,,Nathan Mathis,@olenate2020,8,,,,,,,
@nbcnews,,Rick Neighbors,@VoteNeighbors,7,,,,,,,
@nbcnews,,President Boddie,@boddieforga,7,,,,,,,
@nbcnews,,Ed Tarver,@edtarverga,7,,,,,,,
@nbcnews,,Allen Buckley,@BuckleyForGA,7,,,,,,,
@nbcnews,,A. Wayne Johnson,@WayneJohnson4GA,7,,,,,,,
@nbcnews,,Nathan Mathis,@olenate2020,7,,,,,,,
@nbcnews,,Amy Colter,@AmyColter,7,,,,,,,
@randallwoodfin,,Rick Neighbors,@VoteNeighbors,6,,,,,,,
@randallwoodfin,,Phyllis Harvey-Hall,@PhyllisDHHall,6,,,,,,,
@randallwoodfin,,Adia Winfrey,@drdia,6,,,,,,,
@randallwoodfin,,Kiani Gardner,@KianiGardner,6,,,,,,,
@randallwoodfin,,Doug Jones,@DougJonesHQ,6,,,,,,,
@randallwoodfin,,Kaynen Pellegrino,@RCVAlabama,6,,,,,,,
@BernardKerik,,Hirsh Singh,@HirshSingh,3,,,,,,,
@BernardKerik,,Doug Collins,@CollinsforGA,3,,,,,,,
@BernardKerik,,Mo Brooks (i),@RepMoBrooks,3,,,,,,,
@CoryBooker,,Hirsh Singh,@HirshSingh,3,,,,,,,
@CoryBooker,,Cory Booker,@CoryBooker,3,,,,,,,
@CoryBooker,,Arvin Vohra,@VoteVohra,3,,,,,,,
@DailyCaller,,Hirsh Singh,@HirshSingh,6,,,,,,,
@DailyCaller,,Allen Whitt,@Whitt4WV,6,,,,,,,
@DailyCaller,,Allen R. Waters,@AllenWatersUSA,6,,,,,,,
@DailyCaller,,Gavin S. Clarkson,@DrGavinClarkson,6,,,,,,,
@DailyCaller,,Donald Eugene Lowe,@USPresidentLowe,6,,,,,,,
@DailyCaller,,Turning Point USA,@TPUSA,6,,,,,,,
@Jim_Jordan,,Hirsh Singh,@HirshSingh,6,,,,,,,
@Jim_Jordan,,Allen R. Waters,@AllenWatersUSA,6,,,,,,,
@Jim_Jordan,,Amy Colter,@AmyColter,6,,,,,,,
@Jim_Jordan,,Barry Moore,@RepBarryMoore,6,,,,,,,
@Jim_Jordan,,Donald Trump,@realDonaldTrump,6,,,,,,,
@Jim_Jordan,,Donald J. Trump,@realDonaldTrump,6,,,,,,,
@Jim_Jordan,,C. Wesley Morgan,@cwesleymorgan,6,,,,,,,
@RedState,,Hirsh Singh,@HirshSingh,4,,,,,,,
@RedState,,Allen R. Waters,@AllenWatersUSA,4,,,,,,,
@RedState,,Alan White,@Nomoretweedles,4,,,,,,,
@RedState,,Lee Rhodes,@figward,4,,,,,,,
@Weaponization,,Hirsh Singh,@HirshSingh,5,,,,,,,
@Weaponization,,Amy Colter,@AmyColter,5,,,,,,,
@Weaponization,,Donald Trump,@realDonaldTrump,5,,,,,,,
@Weaponization,,Donald J. Trump,@realDonaldTrump,5,,,,,,,
@Weaponization,,Mike Rogers (i),@RepMikeRogersAL,5,,,,,,,
@Weaponization,,C. Wesley Morgan,@cwesleymorgan,5,,,,,,,
@FoxNews,,Amy Klobuchar,@amyklobuchar,11,,,,,,,
@FoxNews,,Corky Messner,@corkymessner,11,,,,,,,
@FoxNews,,Bill Weld,@GovBillWeld,11,,,,,,,
@FoxNews,,Michael Katz,@drmikekatz,11,,,,,,,
@FoxNews,,Edie Bukewihge,@Vote4Edie_2016,11,,,,,,,
@FoxNews,,Gene Siadek,@gsiadek,11,,,,,,,
@FoxNews,,Barbara Ruth Bellar,@BarbaraBellar,11,,,,,,,
@FoxNews,,Matthew Matern,@Matern2020,11,,,,,,,
@FoxNews,,Donald Trump,@realDonaldTrump,11,,,,,,,
@FoxNews,,Donald J. Trump,@realDonaldTrump,11,,,,,,,
@FoxNews,,Mark Stewart Greenstein,@Stewart4Liberty,11,,,,,,,
@FoxNews,,C. Wesley Morgan,@cwesleymorgan,11,,,,,,,
@POLITICO,,Amy Klobuchar,@amyklobuchar,4,,,,,,,
@POLITICO,,Bill Weld,@GovBillWeld,4,,,,,,,
@POLITICO,,Seth Moulton,@sethmoulton,4,,,,,,,
@POLITICO,,Clifton Roberts,@cliftonroberts,4,,,,,,,
@TheAtlantic,,Amy Klobuchar,@amyklobuchar,8,,,,,,,
@TheAtlantic,,Augustus Sol Invictus,@EmperorInvictus,8,,,,,,,
@TheAtlantic,,Joe Walsh,@WalshFreedom,8,,,,,,,
@TheAtlantic,,The Lincoln Project,@ProjectLincoln,8,,,,,,,
@TheAtlantic,,Matthew Matern,@Matern2020,8,,,,,,,
@TheAtlantic,,Alan Howe,@HoweDefendsUSA,8,,,,,,,
@TheAtlantic,,Jim Vandermaas,@votevandermaas,8,,,,,,,
@TheAtlantic,,Gidget Groendyk,@GroendykGidget,8,,,,,,,
@UN,,Amy Klobuchar,@amyklobuchar,3,,,,,,,
@UN,,Cory Booker,@CoryBooker,3,,,,,,,
@UN,,Arvin Vohra,@VoteVohra,3,,,,,,,
@WSJ,,Amy Klobuchar,@amyklobuchar,3,,,,,,,
@WSJ,,Darcy Richardson,@DarcyRichardson,3,,,,,,,
@WSJ,,Atul Goel,@AtulGoelRaleigh,3,,,,,,,
@aldotcom,,Amy Klobuchar,@amyklobuchar,11,,,,,,,
@aldotcom,,Gary Palmer (i),@USRepGaryPalmer,11,,,,,,,
@aldotcom,,Chris Pringle,@PringleforAL01,11,,,,,,,
@aldotcom,,Bradley Byrne,@BradleyByrne,11,,,,,,,
@aldotcom,,Phyllis Harvey-Hall,@PhyllisDHHall,11,,,,,,,
@aldotcom,,Kiani Gardner,@KianiGardner,11,,,,,,,
@aldotcom,,Doug Jones,@DougJonesHQ,11,,,,,,,
@aldotcom,,Kaynen Pellegrino,@RCVAlabama,11,,,,,,,
@aldotcom,,Jeff Coleman,@JefffColeman,11,,,,,,,
@aldotcom,,Jeff Sessions,@jeffsessions,11,,,,,,,
@aldotcom,,Mike Rogers (i),@RepMikeRogersAL,11,,,,,,,
@amyklobuchar,,Amy Klobuchar,@amyklobuchar,5,,,,,,,
@amyklobuchar,,Chris Janicek,@CJSenate2020,5,,,,,,,
@amyklobuchar,,Kamala D. Harris,@KamalaHarris,5,,,,,,,
@amyklobuchar,,Pete Buttigieg,@PeteButtigieg,5,,,,,,,
@amyklobuchar,,Jaime Harrison,@harrisonjaime,5,,,,,,,
@foxnews,,Amy Klobuchar,@amyklobuchar,7,,,,,,,
@foxnews,,Christopher Stried,@FullStriedAhead,7,,,,,,,
@foxnews,,Annette Davis Jackson,@AnnetteDavisJa2,7,,,,,,,
@foxnews,,Lee Rhodes,@figward,7,,,,,,,
@foxnews,,Matthew Matern,@Matern2020,7,,,,,,,
@foxnews,,Lincoln Chafee,@LincolnChafee,7,,,,,,,
@foxnews,,C. Wesley Morgan,@cwesleymorgan,7,,,,,,,
@ajamubaraka,,Gloria La Riva,@GloriaLaRiva,4,,,,,,,
@ajamubaraka,,Gloria Estela La Riva,@GloriaLaRiva,4,,,,,,,
@ajamubaraka,,"James G. ""Jesse Ventura"" Janos",@GovJVentura,4,,,,,,,
@ajamubaraka,,David B. Collins,@dbcgreentx,4,,,,,,,
@ajamubaraka,,Howie Hawkins,@HowieHawkins,4,,,,,,,
@blacks4peace,,Gloria La Riva,@GloriaLaRiva,4,,,,,,,
@blacks4peace,,Gloria Estela La Riva,@GloriaLaRiva,4,,,,,,,
@blacks4peace,,"James G. ""Jesse Ventura"" Janos",@GovJVentura,4,,,,,,,
@blacks4peace,,David B. Collins,@dbcgreentx,4,,,,,,,
@blacks4peace,,Howie Hawkins,@HowieHawkins,4,,,,,,,
@1819News,,Gary Palmer (i),@USRepGaryPalmer,4,,,,,,,
@1819News,,Arnold Mooney,@ArnoldforAL,4,,,,,,,
@1819News,,Chris Pringle,@PringleforAL01,4,,,,,,,
@1819News,,Bradley Byrne,@BradleyByrne,4,,,,,,,
@GovernorKayIvey,,Gary Palmer (i),@USRepGaryPalmer,6,,,,,,,
@GovernorKayIvey,,Arnold Mooney,@ArnoldforAL,6,,,,,,,
@GovernorKayIvey,,Chris Pringle,@PringleforAL01,6,,,,,,,
@GovernorKayIvey,,Bradley Byrne,@BradleyByrne,6,,,,,,,
@GovernorKayIvey,,Jessica Taylor,@JessicaTaylorAL,6,,,,,,,
@GovernorKayIvey,,Mike Rogers (i),@RepMikeRogersAL,6,,,,,,,
@HouseCommerce,,Gary Palmer (i),@USRepGaryPalmer,3,,,,,,,
@HouseCommerce,,Bradley Byrne,@BradleyByrne,3,,,,,,,
@HouseCommerce,,Mike Rogers (i),@RepMikeRogersAL,3,,,,,,,
@JudiciaryGOP,,Gary Palmer (i),@USRepGaryPalmer,9,,,,,,,
@JudiciaryGOP,,"Glen L., Jr. Neal",@GlenNeal8,9,,,,,,,
@JudiciaryGOP,,Allen R. Waters,@AllenWatersUSA,9,,,,,,,
@JudiciaryGOP,,Amy Colter,@AmyColter,9,,,,,,,
@JudiciaryGOP,,Gavin S. Clarkson,@DrGavinClarkson,9,,,,,,,
@JudiciaryGOP,,Barry Moore,@RepBarryMoore,9,,,,,,,
@JudiciaryGOP,,Donald Trump,@realDonaldTrump,9,,,,,,,
@JudiciaryGOP,,Donald J. Trump,@realDonaldTrump,9,,,,,,,
@JudiciaryGOP,,Turning Point USA,@TPUSA,9,,,,,,,
@JudiciaryGOP,,C. Wesley Morgan,@cwesleymorgan,9,,,,,,,
@RepJimBanks,,Gary Palmer (i),@USRepGaryPalmer,3,,,,,,,
@RepJimBanks,,Doug Collins,@CollinsforGA,3,,,,,,,
@RepJimBanks,,Mike Rogers (i),@RepMikeRogersAL,3,,,,,,,
@RepMikeRogersAL,,Gary Palmer (i),@USRepGaryPalmer,5,,,,,,,
@RepMikeRogersAL,,Chris Pringle,@PringleforAL01,5,,,,,,,
@RepMikeRogersAL,,Bradley Byrne,@BradleyByrne,5,,,,,,,
@RepMikeRogersAL,,Jessica Taylor,@JessicaTaylorAL,5,,,,,,,
@RepMikeRogersAL,,Mike Rogers (i),@RepMikeRogersAL,5,,,,,,,
@RepScottPerry,,Gary Palmer (i),@USRepGaryPalmer,3,,,,,,,
@RepScottPerry,,Doug Collins,@CollinsforGA,3,,,,,,,
@RepScottPerry,,Barry Moore,@RepBarryMoore,3,,,,,,,
@SenShelby,,Gary Palmer (i),@USRepGaryPalmer,5,,,,,,,
@SenShelby,,Arnold Mooney,@ArnoldforAL,5,,,,,,,
@SenShelby,,Chris Pringle,@PringleforAL01,5,,,,,,,
@SenShelby,,Bradley Byrne,@BradleyByrne,5,,,,,,,
@SenShelby,,Mike Rogers (i),@RepMikeRogersAL,5,,,,,,,
@SenTuberville,,Gary Palmer (i),@USRepGaryPalmer,5,,,,,,,
@SenTuberville,,Arnold Mooney,@ArnoldforAL,5,,,,,,,
@SenTuberville,,Jessica Taylor,@JessicaTaylorAL,5,,,,,,,
@SenTuberville,,Chris Lewis,@LewisforAL,5,,,,,,,
@SenTuberville,,Mike Rogers (i),@RepMikeRogersAL,5,,,,,,,
@spann,,Gary Palmer (i),@USRepGaryPalmer,3,,,,,,,
@spann,,Arnold Mooney,@ArnoldforAL,3,,,,,,,
@spann,,Kaynen Pellegrino,@RCVAlabama,3,,,,,,,
@APTV,,Arnold Mooney,@ArnoldforAL,4,,,,,,,
@APTV,,Chris Pringle,@PringleforAL01,4,,,,,,,
@APTV,,Bradley Byrne,@BradleyByrne,4,,,,,,,
@APTV,,Jeff Coleman,@JefffColeman,4,,,,,,,
@Braves,,Arnold Mooney,@ArnoldforAL,4,,,,,,,
@Braves,,Chris Pringle,@PringleforAL01,4,,,,,,,
@Braves,,Bradley Byrne,@BradleyByrne,4,,,,,,,
@Braves,,Allen Buckley,@BuckleyForGA,4,,,,,,,
@BreitbartNews,,Arnold Mooney,@ArnoldforAL,7,,,,,,,
@BreitbartNews,,Chris Pringle,@PringleforAL01,7,,,,,,,
@BreitbartNews,,Bradley Byrne,@BradleyByrne,7,,,,,,,
@BreitbartNews,,Jessica Taylor,@JessicaTaylorAL,7,,,,,,,
@BreitbartNews,,Gavin S. Clarkson,@DrGavinClarkson,7,,,,,,,
@BreitbartNews,,Turning Point USA,@TPUSA,7,,,,,,,
@BreitbartNews,,Donna Rice,@DonnaForWyoming,7,,,,,,,
@CapitolJournal,,Arnold Mooney,@ArnoldforAL,4,,,,,,,
@CapitolJournal,,Chris Pringle,@PringleforAL01,4,,,,,,,
@CapitolJournal,,Bradley Byrne,@BradleyByrne,4,,,,,,,
@CapitolJournal,,Jeff Coleman,@JefffColeman,4,,,,,,,
@LagniappeMobile,,Arnold Mooney,@ArnoldforAL,3,,,,,,,
@LagniappeMobile,,Chris Pringle,@PringleforAL01,3,,,,,,,
@LagniappeMobile,,Bradley Byrne,@BradleyByrne,3,,,,,,,
@MattSimpson,,Arnold Mooney,@ArnoldforAL,3,,,,,,,
@MattSimpson,,Chris Pringle,@PringleforAL01,3,,,,,,,
@MattSimpson,,Jeff Sessions,@jeffsessions,3,,,,,,,
@fmtalk1065,,Arnold Mooney,@ArnoldforAL,3,,,,,,,
@fmtalk1065,,Chris Pringle,@PringleforAL01,3,,,,,,,
@fmtalk1065,,Bradley Byrne,@BradleyByrne,3,,,,,,,
@jeff_poor,,Arnold Mooney,@ArnoldforAL,3,,,,,,,
@jeff_poor,,Chris Pringle,@PringleforAL01,3,,,,,,,
@jeff_poor,,Bradley Byrne,@BradleyByrne,3,,,,,,,
@toddcstacy,,Arnold Mooney,@ArnoldforAL,4,,,,,,,
@toddcstacy,,Chris Pringle,@PringleforAL01,4,,,,,,,
@toddcstacy,,Bradley Byrne,@BradleyByrne,4,,,,,,,
@toddcstacy,,Jeff Coleman,@JefffColeman,4,,,,,,,
@willainsworthAL,,Arnold Mooney,@ArnoldforAL,5,,,,,,,
@willainsworthAL,,Chris Pringle,@PringleforAL01,5,,,,,,,
@willainsworthAL,,Bradley Byrne,@BradleyByrne,5,,,,,,,
@willainsworthAL,,Jessica Taylor,@JessicaTaylorAL,5,,,,,,,
@willainsworthAL,,Mike Rogers (i),@RepMikeRogersAL,5,,,,,,,
@yhn,,Arnold Mooney,@ArnoldforAL,5,,,,,,,
@yhn,,Chris Pringle,@PringleforAL01,5,,,,,,,
@yhn,,Bradley Byrne,@BradleyByrne,5,,,,,,,
@yhn,,Jessica Taylor,@JessicaTaylorAL,5,,,,,,,
@yhn,,Mike Rogers (i),@RepMikeRogersAL,5,,,,,,,
@GOPoversight,,Bradley Byrne,@BradleyByrne,5,,,,,,,
@GOPoversight,,"Glen L., Jr. Neal",@GlenNeal8,5,,,,,,,
@GOPoversight,,Gavin S. Clarkson,@DrGavinClarkson,5,,,,,,,
@GOPoversight,,Barry Moore,@RepBarryMoore,5,,,,,,,
@GOPoversight,,Turning Point USA,@TPUSA,5,,,,,,,
@EricTrump,,Sheila Tittle,@SammTittle,5,,,,,,,
@EricTrump,,"Sheila ""Samm"" Tittle",@SammTittle,5,,,,,,,
@EricTrump,,Claire Elisabeth Elliott,@1stGirlPres,5,,,,,,,
@EricTrump,,Eric James Borrell,@BorrellEric,5,,,,,,,
@EricTrump,,Donald Trump,@realDonaldTrump,5,,,,,,,
@EricTrump,,Donald J. Trump,@realDonaldTrump,5,,,,,,,
@EricTrump,,David Schuster,@SCHUSTERCAMPAI1,5,,,,,,,
@KariLake,,Sheila Tittle,@SammTittle,4,,,,,,,
@KariLake,,"Sheila ""Samm"" Tittle",@SammTittle,4,,,,,,,
@KariLake,,"Glen L., Jr. Neal",@GlenNeal8,4,,,,,,,
@KariLake,,Gerard Beloin,@GerardBeloin,4,,,,,,,
@KariLake,,"""Xan"" John",@GovernorXanJohn,4,,,,,,,
@LaraLeaTrump,,Sheila Tittle,@SammTittle,5,,,,,,,
@LaraLeaTrump,,"Sheila ""Samm"" Tittle",@SammTittle,5,,,,,,,
@LaraLeaTrump,,Claire Elisabeth Elliott,@1stGirlPres,5,,,,,,,
@LaraLeaTrump,,Eric James Borrell,@BorrellEric,5,,,,,,,
@LaraLeaTrump,,Donald Trump,@realDonaldTrump,5,,,,,,,
@LaraLeaTrump,,Donald J. Trump,@realDonaldTrump,5,,,,,,,
@LaraLeaTrump,,David Schuster,@SCHUSTERCAMPAI1,5,,,,,,,
@StJude,,Sheila Tittle,@SammTittle,5,,,,,,,
@StJude,,"Sheila ""Samm"" Tittle",@SammTittle,5,,,,,,,
@StJude,,Claire Elisabeth Elliott,@1stGirlPres,5,,,,,,,
@StJude,,Eric James Borrell,@BorrellEric,5,,,,,,,
@StJude,,Donald Trump,@realDonaldTrump,5,,,,,,,
@StJude,,Donald J. Trump,@realDonaldTrump,5,,,,,,,
@StJude,,David Schuster,@SCHUSTERCAMPAI1,5,,,,,,,
@Trump,,Sheila Tittle,@SammTittle,5,,,,,,,
@Trump,,"Sheila ""Samm"" Tittle",@SammTittle,5,,,,,,,
@Trump,,Claire Elisabeth Elliott,@1stGirlPres,5,,,,,,,
@Trump,,Eric James Borrell,@BorrellEric,5,,,,,,,
@Trump,,Donald Trump,@realDonaldTrump,5,,,,,,,
@Trump,,Donald J. Trump,@realDonaldTrump,5,,,,,,,
@Trump,,David Schuster,@SCHUSTERCAMPAI1,5,,,,,,,
@TrumpWinery,,Sheila Tittle,@SammTittle,5,,,,,,,
@TrumpWinery,,"Sheila ""Samm"" Tittle",@SammTittle,5,,,,,,,
@TrumpWinery,,Claire Elisabeth Elliott,@1stGirlPres,5,,,,,,,
@TrumpWinery,,Eric James Borrell,@BorrellEric,5,,,,,,,
@TrumpWinery,,Donald Trump,@realDonaldTrump,5,,,,,,,
@TrumpWinery,,Donald J. Trump,@realDonaldTrump,5,,,,,,,
@TrumpWinery,,David Schuster,@SCHUSTERCAMPAI1,5,,,,,,,
@DavidAFrench,,Tom Hoefling,@TomHoefling,3,,,,,,,
@DavidAFrench,,"George S., Jr. Flinn",@GeorgeFlinn,3,,,,,,,
@DavidAFrench,,Mark Sanford,@MarkSanford,3,,,,,,,
@NancyAFrench,,Tom Hoefling,@TomHoefling,3,,,,,,,
@NancyAFrench,,"George S., Jr. Flinn",@GeorgeFlinn,3,,,,,,,
@NancyAFrench,,Mark Sanford,@MarkSanford,3,,,,,,,
@lipscomb,,Tom Hoefling,@TomHoefling,3,,,,,,,
@lipscomb,,"George S., Jr. Flinn",@GeorgeFlinn,3,,,,,,,
@lipscomb,,Mark Sanford,@MarkSanford,3,,,,,,,
@DrBiden,,"Derrick ""Champ"" Edwards",@D_EdwardsLA,3,,,,,,,
@DrBiden,,Kamala D. Harris,@KamalaHarris,3,,,,,,,
@DrBiden,,Keith Davenport,@Davenport4POTUS,3,,,,,,,
@FirstLadyofLA,,"Derrick ""Champ"" Edwards",@D_EdwardsLA,3,,,,,,,
@FirstLadyofLA,,Adrian Perkins,@PerkinsforLA,3,,,,,,,
@FirstLadyofLA,,"""Bill"" Cassidy",@BillCassidy,3,,,,,,,
@JoeBiden,,"Derrick ""Champ"" Edwards",@D_EdwardsLA,6,,,,,,,
@JoeBiden,,Beto O'Rourke,@BetoORourke,6,,,,,,,
@JoeBiden,,Joe Biden,@JoeBiden,6,,,,,,,
@JoeBiden,,Joseph R. Biden,@JoeBiden,6,,,,,,,
@JoeBiden,,Joe Sestak,@JoeSestak,6,,,,,,,
@JoeBiden,,Kamala D. Harris,@KamalaHarris,6,,,,,,,
@JoeBiden,,Keith Davenport,@Davenport4POTUS,6,,,,,,,
@LouisianaGov,,"Derrick ""Champ"" Edwards",@D_EdwardsLA,3,,,,,,,
@LouisianaGov,,Adrian Perkins,@PerkinsforLA,3,,,,,,,
@LouisianaGov,,"""Bill"" Cassidy",@BillCassidy,3,,,,,,,
@POTUS,,"Derrick ""Champ"" Edwards",@D_EdwardsLA,5,,,,,,,
@POTUS,,Joe Biden,@JoeBiden,5,,,,,,,
@POTUS,,Joseph R. Biden,@JoeBiden,5,,,,,,,
@POTUS,,Kamala D. Harris,@KamalaHarris,5,,,,,,,
@POTUS,,Pete Buttigieg,@PeteButtigieg,5,,,,,,,
@POTUS,,Keith Davenport,@Davenport4POTUS,5,,,,,,,
@theadvocatebr,,"Derrick ""Champ"" Edwards",@D_EdwardsLA,3,,,,,,,
@theadvocatebr,,Adrian Perkins,@PerkinsforLA,3,,,,,,,
@theadvocatebr,,"""Bill"" Cassidy",@BillCassidy,3,,,,,,,
@ABC,,Claire Elisabeth Elliott,@1stGirlPres,4,,,,,,,
@ABC,,Michael Levinson,@Lev4president,4,,,,,,,
@ABC,,Chris C. Cumings,@ccc4senate,4,,,,,,,
@ABC,,Chris Cumings (Nonpartisan),@ccc4senate,4,,,,,,,
@ABC,,Beto O'Rourke,@BetoORourke,4,,,,,,,
@AnnCoulter,,Claire Elisabeth Elliott,@1stGirlPres,4,,,,,,,
@AnnCoulter,,Robert McGee,@rmcgeeUShouseSC,4,,,,,,,
@AnnCoulter,,"Daniel ""Demand Daniel"" McCarthy",@DemandDanielAZ,4,,,,,,,
@AnnCoulter,,Gavin S. Clarkson,@DrGavinClarkson,4,,,,,,,
@BillOReilly,,Claire Elisabeth Elliott,@1stGirlPres,3,,,,,,,
@BillOReilly,,Edie Bukewihge,@Vote4Edie_2016,3,,,,,,,
@BillOReilly,,Donald Trump,@realDonaldTrump,3,,,,,,,
@BillOReilly,,Donald J. Trump,@realDonaldTrump,3,,,,,,,
@DonaldJTrumpJr,,Claire Elisabeth Elliott,@1stGirlPres,6,,,,,,,
@DonaldJTrumpJr,,Bob Hamilton,@HamiltonforKS,6,,,,,,,
@DonaldJTrumpJr,,Eric James Borrell,@BorrellEric,6,,,,,,,
@DonaldJTrumpJr,,Barbara Ruth Bellar,@BarbaraBellar,6,,,,,,,
@DonaldJTrumpJr,,Donald Trump,@realDonaldTrump,6,,,,,,,
@DonaldJTrumpJr,,Donald J. Trump,@realDonaldTrump,6,,,,,,,
@DonaldJTrumpJr,,David Schuster,@SCHUSTERCAMPAI1,6,,,,,,,
@GOP,,Claire Elisabeth Elliott,@1stGirlPres,6,,,,,,,
@GOP,,Augustus Sol Invictus,@EmperorInvictus,6,,,,,,,
@GOP,,Jessica Taylor,@JessicaTaylorAL,6,,,,,,,
@GOP,,Doug Collins,@CollinsforGA,6,,,,,,,
@GOP,,Don Blankenship,@DonBlankenship,6,,,,,,,
@GOP,,Turning Point USA,@TPUSA,6,,,,,,,
@IvankaTrump,,Claire Elisabeth Elliott,@1stGirlPres,5,,,,,,,
@IvankaTrump,,Amy Colter,@AmyColter,5,,,,,,,
@IvankaTrump,,Eric James Borrell,@BorrellEric,5,,,,,,,
@IvankaTrump,,Barbara Ruth Bellar,@BarbaraBellar,5,,,,,,,
@IvankaTrump,,Donald Trump,@realDonaldTrump,5,,,,,,,
@IvankaTrump,,Donald J. Trump,@realDonaldTrump,5,,,,,,,
@MSNBC,,Claire Elisabeth Elliott,@1stGirlPres,16,,,,,,,
@MSNBC,,Ed Tarver,@edtarverga,16,,,,,,,
@MSNBC,,Adia Winfrey,@drdia,16,,,,,,,
@MSNBC,,Jeffrey Alan Grunau,@JeffreyGrunau,16,,,,,,,
@MSNBC,,Kaynen Pellegrino,@RCVAlabama,16,,,,,,,
@MSNBC,,Mark Sanford,@MarkSanford,16,,,,,,,
@MSNBC,,Eric Swalwell,@ericswalwell,16,,,,,,,
@MSNBC,,Amy McGrath,@AmyMcGrathKY,16,,,,,,,
@MSNBC,,Andy Williams Jr.,@hoodcandidate,16,,,,,,,
@MSNBC,,Joe Walsh,@WalshFreedom,16,,,,,,,
@MSNBC,,Chris Janicek,@CJSenate2020,16,,,,,,,
@MSNBC,,Matthew Matern,@Matern2020,16,,,,,,,
@MSNBC,,Pete Buttigieg,@PeteButtigieg,16,,,,,,,
@MSNBC,,Jim Vandermaas,@votevandermaas,16,,,,,,,
@MSNBC,,Julián Castro,@JulianCastro,16,,,,,,,
@MSNBC,,Jaime Harrison,@harrisonjaime,16,,,,,,,
@NBCNews,,Claire Elisabeth Elliott,@1stGirlPres,14,,,,,,,
@NBCNews,,Ed Tarver,@edtarverga,14,,,,,,,
@NBCNews,,Kaynen Pellegrino,@RCVAlabama,14,,,,,,,
@NBCNews,,Mark Sanford,@MarkSanford,14,,,,,,,
@NBCNews,,Deborah Jackson,@MayorDAJackson,14,,,,,,,
@NBCNews,,Nathan Mathis,@olenate2020,14,,,,,,,
@NBCNews,,Eric Swalwell,@ericswalwell,14,,,,,,,
@NBCNews,,Amy McGrath,@AmyMcGrathKY,14,,,,,,,
@NBCNews,,Joe Walsh,@WalshFreedom,14,,,,,,,
@NBCNews,,Chris Janicek,@CJSenate2020,14,,,,,,,
@NBCNews,,Matthew Matern,@Matern2020,14,,,,,,,
@NBCNews,,Jim Vandermaas,@votevandermaas,14,,,,,,,
@NBCNews,,Julián Castro,@JulianCastro,14,,,,,,,
@NBCNews,,Jaime Harrison,@harrisonjaime,14,,,,,,,
@NoSpinNews,,Claire Elisabeth Elliott,@1stGirlPres,3,,,,,,,
@NoSpinNews,,Edie Bukewihge,@Vote4Edie_2016,3,,,,,,,
@NoSpinNews,,Donald Trump,@realDonaldTrump,3,,,,,,,
@NoSpinNews,,Donald J. Trump,@realDonaldTrump,3,,,,,,,
@RandPaul,,Claire Elisabeth Elliott,@1stGirlPres,8,,,,,,,
@RandPaul,,Gerard Beloin,@GerardBeloin,8,,,,,,,
@RandPaul,,Bob Walsh,@bobwalshsf,8,,,,,,,
@RandPaul,,Allen Buckley,@BuckleyForGA,8,,,,,,,
@RandPaul,,Max Abramson,@RepAbramson,8,,,,,,,
@RandPaul,,Kenneth Blevins,@LibertyCowboyKB,8,,,,,,,
@RandPaul,,C. Wesley Morgan,@cwesleymorgan,8,,,,,,,
@RandPaul,,Gary Dye,@GaryLyndonDye,8,,,,,,,
@SenTedCruz,,Claire Elisabeth Elliott,@1stGirlPres,3,,,,,,,
@SenTedCruz,,Gavin S. Clarkson,@DrGavinClarkson,3,,,,,,,
@SenTedCruz,,David Schuster,@SCHUSTERCAMPAI1,3,,,,,,,
@TeamTrump,,Claire Elisabeth Elliott,@1stGirlPres,3,,,,,,,
@TeamTrump,,Bob Hamilton,@HamiltonforKS,3,,,,,,,
@TeamTrump,,"James ""Jim"" DeMartino",@JimDeMartino,3,,,,,,,
@realDonaldTrump,,Claire Elisabeth Elliott,@1stGirlPres,6,,,,,,,
@realDonaldTrump,,Eric James Borrell,@BorrellEric,6,,,,,,,
@realDonaldTrump,,Donald Trump,@realDonaldTrump,6,,,,,,,
@realDonaldTrump,,Donald J. Trump,@realDonaldTrump,6,,,,,,,
@realDonaldTrump,,David Schuster,@SCHUSTERCAMPAI1,6,,,,,,,
@realDonaldTrump,,Gary Dye,@GaryLyndonDye,6,,,,,,,
@realDonaldTrump,,Jim Inhofe,@inhofeforsenate,6,,,,,,,
@seanhannity,,Claire Elisabeth Elliott,@1stGirlPres,5,,,,,,,
@seanhannity,,Chris Lewis,@LewisforAL,5,,,,,,,
@seanhannity,,Arvin Vohra,@VoteVohra,5,,,,,,,
@seanhannity,,Donald Trump,@realDonaldTrump,5,,,,,,,
@seanhannity,,Donald J. Trump,@realDonaldTrump,5,,,,,,,
@seanhannity,,David Schuster,@SCHUSTERCAMPAI1,5,,,,,,,
@LifeNewsHQ,,Brian T. Carroll,@BrianCarrollASP,3,,,,,,,
@LifeNewsHQ,,Brian Carroll,@BrianCarrollASP,3,,,,,,,
@LifeNewsHQ,,Phil Collins,@PhilCollinsWI,3,,,,,,,
@LifeNewsHQ,,Gavin S. Clarkson,@DrGavinClarkson,3,,,,,,,
@BarackObama,,Michael Levinson,@Lev4president,5,,,,,,,
@BarackObama,,Jeffrey Alan Grunau,@JeffreyGrunau,5,,,,,,,
@BarackObama,,Arvin Vohra,@VoteVohra,5,,,,,,,
@BarackObama,,Eric James Borrell,@BorrellEric,5,,,,,,,
@BarackObama,,Barbara Ruth Bellar,@BarbaraBellar,5,,,,,,,
@POTUS45,,Michael Levinson,@Lev4president,4,,,,,,,
@POTUS45,,Eric James Borrell,@BorrellEric,4,,,,,,,
@POTUS45,,Keith Davenport,@Davenport4POTUS,4,,,,,,,
@POTUS45,,Gary Dye,@GaryLyndonDye,4,,,,,,,
@politico,,Michael Levinson,@Lev4president,8,,,,,,,
@politico,,Seth Moulton,@sethmoulton,8,,,,,,,
@politico,,A. Wayne Johnson,@WayneJohnson4GA,8,,,,,,,
@politico,,Amanda K. Edwards,@AKEdwardsTX,8,,,,,,,
@politico,,Adrian Ocegueda,@TxReason,8,,,,,,,
@politico,,Joe Sestak,@JoeSestak,8,,,,,,,
@politico,,Al Bartell,@BartellforGov,8,,,,,,,
@politico,,Jeff Sessions,@jeffsessions,8,,,,,,,
@washingtonpost,,Michael Levinson,@Lev4president,7,,,,,,,
@washingtonpost,,Kiani Gardner,@KianiGardner,7,,,,,,,
@washingtonpost,,Joe Sestak,@JoeSestak,7,,,,,,,
@washingtonpost,,Kaynen Pellegrino,@RCVAlabama,7,,,,,,,
@washingtonpost,,Sam Sloan,@voteforsamsloan,7,,,,,,,
@washingtonpost,,Donald Eugene Lowe,@USPresidentLowe,7,,,,,,,
@washingtonpost,,Frank Scurlock,@FrankScurlock2,7,,,,,,,
@gmail,,Adrian Perkins,@PerkinsforLA,25,,,,,,,
@gmail,,Daniel Christmann,@718_radio,25,,,,,,,
@gmail,,Doug Dern,@chapter13mich,25,,,,,,,
@gmail,,Beto O'Rourke,@BetoORourke,25,,,,,,,
@gmail,,Bill Weld,@GovBillWeld,25,,,,,,,
@gmail,,Eric Rothmuller,@EricRothmuller,25,,,,,,,
@gmail,,Seth Moulton,@sethmoulton,25,,,,,,,
@gmail,,Ibrahim A. Taher,@Ibra_Taher,25,,,,,,,
@gmail,,Andy Williams Jr.,@hoodcandidate,25,,,,,,,
@gmail,,Chris Janicek,@CJSenate2020,25,,,,,,,
@gmail,,Bill de Blasio,@BilldeBlasio,25,,,,,,,
@gmail,,Elizabeth Warren,@ewarren,25,,,,,,,
@gmail,,Allen R. Waters,@AllenWatersUSA,25,,,,,,,
@gmail,,David B. Collins,@dbcgreentx,25,,,,,,,
@gmail,,Daniel Behrman,@DanForTexas,25,,,,,,,
@gmail,,Annette Davis Jackson,@AnnetteDavisJa2,25,,,,,,,
@gmail,,Edie Bukewihge,@Vote4Edie_2016,25,,,,,,,
@gmail,,Jensen Bohren,@BohrenJensen,25,,,,,,,
@gmail,,Frank Scurlock,@FrankScurlock2,25,,,,,,,
@gmail,,Abby Broyles,@abbybroyles,25,,,,,,,
@gmail,,Max Abramson,@RepAbramson,25,,,,,,,
@gmail,,Kenneth Blevins,@LibertyCowboyKB,25,,,,,,,
@gmail,,John Monds,@ElectMonds,25,,,,,,,
@gmail,,Joe McHugh,@votejoemchugh,25,,,,,,,
@gmail,,Jessica Scarane,@JessforDelaware,25,,,,,,,
@Jaybefaunt,,Elijah Manley,@iElijahManley,3,,,,,,,
@Jaybefaunt,,Brian Matlock,@KansasBrian,3,,,,,,,
@Jaybefaunt,,Daniel Behrman,@DanForTexas,3,,,,,,,
@PeterGHager,,Elijah Manley,@iElijahManley,5,,,,,,,
@PeterGHager,,Charles Booker,@Booker4KY,5,,,,,,,
@PeterGHager,,Erica D. Smith,@EricaforUS,5,,,,,,,
@PeterGHager,,"James G. ""Jesse Ventura"" Janos",@GovJVentura,5,,,,,,,
@PeterGHager,,Jessica Scarane,@JessforDelaware,5,,,,,,,
@UF,,Elijah Manley,@iElijahManley,3,,,,,,,
@UF,,Barry Moore,@RepBarryMoore,3,,,,,,,
@UF,,Mo Brooks (i),@RepMoBrooks,3,,,,,,,
@_Jaybefaunt,,Elijah Manley,@iElijahManley,3,,,,,,,
@_Jaybefaunt,,Brian Matlock,@KansasBrian,3,,,,,,,
@_Jaybefaunt,,Daniel Behrman,@DanForTexas,3,,,,,,,
@mastodon,,J.R. Myers,@JohricmyeJ,3,,,,,,,
@mastodon,,Joseph Kishore,@jkishore,3,,,,,,,
@mastodon,,Mark Charles,@wirelesshogan,3,,,,,,,
@NHGOP,,Corky Messner,@corkymessner,3,,,,,,,
@NHGOP,,Augustus Sol Invictus,@EmperorInvictus,3,,,,,,,
@NHGOP,,Don Bolduc,@GenDonBolduc,3,,,,,,,
@VernonForGA,,Corky Messner,@corkymessner,3,,,,,,,
@VernonForGA,,Doug Collins,@CollinsforGA,3,,,,,,,
@VernonForGA,,Mo Brooks (i),@RepMoBrooks,3,,,,,,,
@OccupyDemocrats,,Michael Puskar,@mbpuskar,4,,,,,,,
@OccupyDemocrats,,Robert McGee,@rmcgeeUShouseSC,4,,,,,,,
@OccupyDemocrats,,Bennie J. Smith,@BennieJSmith1,4,,,,,,,
@OccupyDemocrats,,Jensen Bohren,@BohrenJensen,4,,,,,,,
@donwinslow,,Michael Puskar,@mbpuskar,3,,,,,,,
@donwinslow,,Eric Swalwell,@ericswalwell,3,,,,,,,
@donwinslow,,Joe Walsh,@WalshFreedom,3,,,,,,,
@glennkirschner2,,Michael Puskar,@mbpuskar,5,,,,,,,
@glennkirschner2,,Ed Tarver,@edtarverga,5,,,,,,,
@glennkirschner2,,Joe Walsh,@WalshFreedom,5,,,,,,,
@glennkirschner2,,Chris Janicek,@CJSenate2020,5,,,,,,,
@glennkirschner2,,Jim Vandermaas,@votevandermaas,5,,,,,,,
@joncoopertweets,,Michael Puskar,@mbpuskar,8,,,,,,,
@joncoopertweets,,"Annie ""Mamá"" Garcia",@AnnieMamaGarcia,8,,,,,,,
@joncoopertweets,,Eric Swalwell,@ericswalwell,8,,,,,,,
@joncoopertweets,,The Lincoln Project,@ProjectLincoln,8,,,,,,,
@joncoopertweets,,Bennie J. Smith,@BennieJSmith1,8,,,,,,,
@joncoopertweets,,Jimmy C. Ausbrooks,@jimmy4ky,8,,,,,,,
@joncoopertweets,,Jim Vandermaas,@votevandermaas,8,,,,,,,
@joncoopertweets,,Gidget Groendyk,@GroendykGidget,8,,,,,,,
@mmpadellan,,Michael Puskar,@mbpuskar,4,,,,,,,
@mmpadellan,,Frederic Schultz,@FredericEsq,4,,,,,,,
@mmpadellan,,Bennie J. Smith,@BennieJSmith1,4,,,,,,,
@mmpadellan,,Jimmy C. Ausbrooks,@jimmy4ky,4,,,,,,,
@CPRNews,,Bill Hammons,@wrhammons,3,,,,,,,
@CPRNews,,Deval Patrick,@DevalPatrick,3,,,,,,,
@CPRNews,,Michael Bennet,@MichaelBennet,3,,,,,,,
@denverpost,,Bill Hammons,@wrhammons,4,,,,,,,
@denverpost,,John Hickenlooper,@Hickenlooper,4,,,,,,,
@denverpost,,Matthew Matern,@Matern2020,4,,,,,,,
@denverpost,,Michael Bennet,@MichaelBennet,4,,,,,,,
@nprpolitics,,Bill Hammons,@wrhammons,3,,,,,,,
@nprpolitics,,President Boddie,@boddieforga,3,,,,,,,
@nprpolitics,,A. Wayne Johnson,@WayneJohnson4GA,3,,,,,,,
@Booker4KY,,Charles Booker,@Booker4KY,4,,,,,,,
@Booker4KY,,Ed Tarver,@edtarverga,4,,,,,,,
@Booker4KY,,Adia Winfrey,@drdia,4,,,,,,,
@Booker4KY,,Bernie Sanders,@BernieSanders,4,,,,,,,
@HomelandDems,,Frederic Schultz,@FredericEsq,11,,,,,,,
@HomelandDems,,Robert McGee,@rmcgeeUShouseSC,11,,,,,,,
@HomelandDems,,Eric Swalwell,@ericswalwell,11,,,,,,,
@HomelandDems,,Amy McGrath,@AmyMcGrathKY,11,,,,,,,
@HomelandDems,,The Lincoln Project,@ProjectLincoln,11,,,,,,,
@HomelandDems,,Chris Janicek,@CJSenate2020,11,,,,,,,
@HomelandDems,,Kamala D. Harris,@KamalaHarris,11,,,,,,,
@HomelandDems,,Pete Buttigieg,@PeteButtigieg,11,,,,,,,
@HomelandDems,,Jim Vandermaas,@votevandermaas,11,,,,,,,
@HomelandDems,,Gidget Groendyk,@GroendykGidget,11,,,,,,,
@HomelandDems,,Jaime Harrison,@harrisonjaime,11,,,,,,,
@HouseJudiciary,,Frederic Schultz,@FredericEsq,10,,,,,,,
@HouseJudiciary,,Eric Swalwell,@ericswalwell,10,,,,,,,
@HouseJudiciary,,Amy McGrath,@AmyMcGrathKY,10,,,,,,,
@HouseJudiciary,,The Lincoln Project,@ProjectLincoln,10,,,,,,,
@HouseJudiciary,,Chris Janicek,@CJSenate2020,10,,,,,,,
@HouseJudiciary,,Kamala D. Harris,@KamalaHarris,10,,,,,,,
@HouseJudiciary,,Pete Buttigieg,@PeteButtigieg,10,,,,,,,
@HouseJudiciary,,Jim Vandermaas,@votevandermaas,10,,,,,,,
@HouseJudiciary,,Gidget Groendyk,@GroendykGidget,10,,,,,,,
@HouseJudiciary,,Jaime Harrison,@harrisonjaime,10,,,,,,,
@InequalityMedia,,Frederic Schultz,@FredericEsq,6,,,,,,,
@InequalityMedia,,A.D. Nesbit,@nesbit_ok,6,,,,,,,
@InequalityMedia,,Bennie J. Smith,@BennieJSmith1,6,,,,,,,
@InequalityMedia,,Jensen Bohren,@BohrenJensen,6,,,,,,,
@InequalityMedia,,Jim Vandermaas,@votevandermaas,6,,,,,,,
@InequalityMedia,,Gidget Groendyk,@GroendykGidget,6,,,,,,,
@JoyAnnReid,,Frederic Schultz,@FredericEsq,4,,,,,,,
@JoyAnnReid,,Ed Tarver,@edtarverga,4,,,,,,,
@JoyAnnReid,,Adia Winfrey,@drdia,4,,,,,,,
@JoyAnnReid,,Kamala D. Harris,@KamalaHarris,4,,,,,,,
@RBReich,,Frederic Schultz,@FredericEsq,6,,,,,,,
@RBReich,,A.D. Nesbit,@nesbit_ok,6,,,,,,,
@RBReich,,Bennie J. Smith,@BennieJSmith1,6,,,,,,,
@RBReich,,Jensen Bohren,@BohrenJensen,6,,,,,,,
@RBReich,,Jim Vandermaas,@votevandermaas,6,,,,,,,
@RBReich,,Gidget Groendyk,@GroendykGidget,6,,,,,,,
@ReallyAmerican1,,Frederic Schultz,@FredericEsq,3,,,,,,,
@ReallyAmerican1,,Bennie J. Smith,@BennieJSmith1,3,,,,,,,
@ReallyAmerican1,,Jimmy C. Ausbrooks,@jimmy4ky,3,,,,,,,
@RepSwalwell,,Frederic Schultz,@FredericEsq,10,,,,,,,
@RepSwalwell,,Eric Swalwell,@ericswalwell,10,,,,,,,
@RepSwalwell,,Amy McGrath,@AmyMcGrathKY,10,,,,,,,
@RepSwalwell,,The Lincoln Project,@ProjectLincoln,10,,,,,,,
@RepSwalwell,,Chris Janicek,@CJSenate2020,10,,,,,,,
@RepSwalwell,,Kamala D. Harris,@KamalaHarris,10,,,,,,,
@RepSwalwell,,Pete Buttigieg,@PeteButtigieg,10,,,,,,,
@RepSwalwell,,Jim Vandermaas,@votevandermaas,10,,,,,,,
@RepSwalwell,,Gidget Groendyk,@GroendykGidget,10,,,,,,,
@RepSwalwell,,Jaime Harrison,@harrisonjaime,10,,,,,,,
@fred_guttenberg,,Frederic Schultz,@FredericEsq,4,,,,,,,
@fred_guttenberg,,Amy McGrath,@AmyMcGrathKY,4,,,,,,,
@fred_guttenberg,,Chris Janicek,@CJSenate2020,4,,,,,,,
@fred_guttenberg,,Jaime Harrison,@harrisonjaime,4,,,,,,,
@itsJeffTiedrich,,Frederic Schultz,@FredericEsq,4,,,,,,,
@itsJeffTiedrich,,The Lincoln Project,@ProjectLincoln,4,,,,,,,
@itsJeffTiedrich,,Bennie J. Smith,@BennieJSmith1,4,,,,,,,
@itsJeffTiedrich,,Jimmy C. Ausbrooks,@jimmy4ky,4,,,,,,,
@rbreich,,Frederic Schultz,@FredericEsq,6,,,,,,,
@rbreich,,A.D. Nesbit,@nesbit_ok,6,,,,,,,
@rbreich,,Bennie J. Smith,@BennieJSmith1,6,,,,,,,
@rbreich,,Jensen Bohren,@BohrenJensen,6,,,,,,,
@rbreich,,Jim Vandermaas,@votevandermaas,6,,,,,,,
@rbreich,,Gidget Groendyk,@GroendykGidget,6,,,,,,,
@KyleClark,,John Hickenlooper,@Hickenlooper,3,,,,,,,
@KyleClark,,Andrew Romanoff,@AndrewRomanoff,3,,,,,,,
@KyleClark,,Michael Bennet,@MichaelBennet,3,,,,,,,
@NextOn9NEWS,,John Hickenlooper,@Hickenlooper,3,,,,,,,
@NextOn9NEWS,,Andrew Romanoff,@AndrewRomanoff,3,,,,,,,
@NextOn9NEWS,,Michael Bennet,@MichaelBennet,3,,,,,,,
@SenatorBennet,,John Hickenlooper,@Hickenlooper,3,,,,,,,
@SenatorBennet,,John Delaney,@JohnDelaney,3,,,,,,,
@SenatorBennet,,Michael Bennet,@MichaelBennet,3,,,,,,,
@jaredpolis,,John Hickenlooper,@Hickenlooper,3,,,,,,,
@jaredpolis,,Andrew Romanoff,@AndrewRomanoff,3,,,,,,,
@jaredpolis,,Michael Bennet,@MichaelBennet,3,,,,,,,
@GunnelsWarren,,Andrew Romanoff,@AndrewRomanoff,4,,,,,,,
@GunnelsWarren,,Marianne Williamson,@marwilliamson,4,,,,,,,
@GunnelsWarren,,Justice Democrats,@justicedems,4,,,,,,,
@GunnelsWarren,,Jessica Scarane,@JessforDelaware,4,,,,,,,
@OurRevolution,,Andrew Romanoff,@AndrewRomanoff,3,,,,,,,
@OurRevolution,,Howie Hawkins,@HowieHawkins,3,,,,,,,
@OurRevolution,,Jensen Bohren,@BohrenJensen,3,,,,,,,
@SenSanders,,Andrew Romanoff,@AndrewRomanoff,5,,,,,,,
@SenSanders,,Marianne Williamson,@marwilliamson,5,,,,,,,
@SenSanders,,Justice Democrats,@justicedems,5,,,,,,,
@SenSanders,,Barbara Ruth Bellar,@BarbaraBellar,5,,,,,,,
@SenSanders,,Jessica Scarane,@JessforDelaware,5,,,,,,,
@ACTforAmerica,,"Glen L., Jr. Neal",@GlenNeal8,3,,,,,,,
@ACTforAmerica,,Gerard Beloin,@GerardBeloin,3,,,,,,,
@ACTforAmerica,,Allen Whitt,@Whitt4WV,3,,,,,,,
@RepAndyBiggsAZ,,"Glen L., Jr. Neal",@GlenNeal8,3,,,,,,,
@RepAndyBiggsAZ,,Gavin S. Clarkson,@DrGavinClarkson,3,,,,,,,
@RepAndyBiggsAZ,,Turning Point USA,@TPUSA,3,,,,,,,
@SebGorka,,"Glen L., Jr. Neal",@GlenNeal8,3,,,,,,,
@SebGorka,,Gavin S. Clarkson,@DrGavinClarkson,3,,,,,,,
@SebGorka,,C. Wesley Morgan,@cwesleymorgan,3,,,,,,,
@BobMurphyEcon,,Dwayne Stovall,@DwayneStovall,3,,,,,,,
@BobMurphyEcon,,Justin Amash,@justinamash,3,,,,,,,
@BobMurphyEcon,,Jacob Hornberger,@JacobforLiberty,3,,,,,,,
@FBI,,Dwayne Stovall,@DwayneStovall,3,,,,,,,
@FBI,,Adrian Ocegueda,@TxReason,3,,,,,,,
@FBI,,Barbara Ruth Bellar,@BarbaraBellar,3,,,,,,,
@FreemansMind96,,Dwayne Stovall,@DwayneStovall,6,,,,,,,
@FreemansMind96,,Keenan Dunham,@Kdunham4peace,6,,,,,,,
@FreemansMind96,,Justin Amash,@justinamash,6,,,,,,,
@FreemansMind96,,Ibrahim A. Taher,@Ibra_Taher,6,,,,,,,
@FreemansMind96,,Jacob Hornberger,@JacobforLiberty,6,,,,,,,
@FreemansMind96,,John Monds,@ElectMonds,6,,,,,,,
@TenthAmendment,,Dwayne Stovall,@DwayneStovall,3,,,,,,,
@TenthAmendment,,Arvin Vohra,@VoteVohra,3,,,,,,,
@TenthAmendment,,Jacob Hornberger,@JacobforLiberty,3,,,,,,,
@ThomasEWoods,,Dwayne Stovall,@DwayneStovall,3,,,,,,,
@ThomasEWoods,,Justin Amash,@justinamash,3,,,,,,,
@ThomasEWoods,,Jacob Hornberger,@JacobforLiberty,3,,,,,,,
@infineogroup,,Dwayne Stovall,@DwayneStovall,3,,,,,,,
@infineogroup,,Justin Amash,@justinamash,3,,,,,,,
@infineogroup,,Jacob Hornberger,@JacobforLiberty,3,,,,,,,
@scotthortonshow,,Dwayne Stovall,@DwayneStovall,6,,,,,,,
@scotthortonshow,,Keenan Dunham,@Kdunham4peace,6,,,,,,,
@scotthortonshow,,Justin Amash,@justinamash,6,,,,,,,
@scotthortonshow,,Ibrahim A. Taher,@Ibra_Taher,6,,,,,,,
@scotthortonshow,,Jacob Hornberger,@JacobforLiberty,6,,,,,,,
@scotthortonshow,,John Monds,@ElectMonds,6,,,,,,,
@NPR,,Chris C. Cumings,@ccc4senate,8,,,,,,,
@NPR,,Chris Cumings (Nonpartisan),@ccc4senate,8,,,,,,,
@NPR,,Beto O'Rourke,@BetoORourke,8,,,,,,,
@NPR,,Deval Patrick,@DevalPatrick,8,,,,,,,
@NPR,,"Annie ""Mamá"" Garcia",@AnnieMamaGarcia,8,,,,,,,
@NPR,,Al Bartell,@BartellforGov,8,,,,,,,
@NPR,,Keith McCormic,@KeithMcCormic,8,,,,,,,
@NPR,,Michael Bennet,@MichaelBennet,8,,,,,,,
@NPR,,Donna Rice,@DonnaForWyoming,8,,,,,,,
@KamalaHarris,,Beto O'Rourke,@BetoORourke,5,,,,,,,
@KamalaHarris,,Joe Biden,@JoeBiden,5,,,,,,,
@KamalaHarris,,Joseph R. Biden,@JoeBiden,5,,,,,,,
@KamalaHarris,,Kamala D. Harris,@KamalaHarris,5,,,,,,,
@KamalaHarris,,Michael Bennet,@MichaelBennet,5,,,,,,,
@KamalaHarris,,Keith Davenport,@Davenport4POTUS,5,,,,,,,
@brotherjones_,,Beto O'Rourke,@BetoORourke,3,,,,,,,
@brotherjones_,,Deval Patrick,@DevalPatrick,3,,,,,,,
@brotherjones_,,James Mackler,@James_Mackler,3,,,,,,,
@npr,,Beto O'Rourke,@BetoORourke,3,,,,,,,
@npr,,President Boddie,@boddieforga,3,,,,,,,
@npr,,A. Wayne Johnson,@WayneJohnson4GA,3,,,,,,,
@HuffPost,,Phyllis Harvey-Hall,@PhyllisDHHall,3,,,,,,,
@HuffPost,,Darcy Richardson,@DarcyRichardson,3,,,,,,,
@HuffPost,,Eddie J. Mauro,@eddiejmauro,3,,,,,,,
@WarOnDumb,,Phyllis Harvey-Hall,@PhyllisDHHall,4,,,,,,,
@WarOnDumb,,Kiani Gardner,@KianiGardner,4,,,,,,,
@WarOnDumb,,Doug Jones,@DougJonesHQ,4,,,,,,,
@WarOnDumb,,Kaynen Pellegrino,@RCVAlabama,4,,,,,,,
@bshelburne,,Phyllis Harvey-Hall,@PhyllisDHHall,3,,,,,,,
@bshelburne,,Doug Jones,@DougJonesHQ,3,,,,,,,
@bshelburne,,Kaynen Pellegrino,@RCVAlabama,3,,,,,,,
@DouglasEmhoff,,Joe Biden,@JoeBiden,3,,,,,,,
@DouglasEmhoff,,Joseph R. Biden,@JoeBiden,3,,,,,,,
@DouglasEmhoff,,Michael Bennet,@MichaelBennet,3,,,,,,,
@DouglasEmhoff,,Keith Davenport,@Davenport4POTUS,3,,,,,,,
@FLOTUS,,Joe Biden,@JoeBiden,3,,,,,,,
@FLOTUS,,Joseph R. Biden,@JoeBiden,3,,,,,,,
@FLOTUS,,Pete Buttigieg,@PeteButtigieg,3,,,,,,,
@FLOTUS,,Keith Davenport,@Davenport4POTUS,3,,,,,,,
@HillaryClinton,,Joe Biden,@JoeBiden,3,,,,,,,
@HillaryClinton,,Joseph R. Biden,@JoeBiden,3,,,,,,,
@HillaryClinton,,Donald Eugene Lowe,@USPresidentLowe,3,,,,,,,
@HillaryClinton,,Kamala D. Harris,@KamalaHarris,3,,,,,,,
@MichelleObama,,Joe Biden,@JoeBiden,3,,,,,,,
@MichelleObama,,Joseph R. Biden,@JoeBiden,3,,,,,,,
@MichelleObama,,Donald Eugene Lowe,@USPresidentLowe,3,,,,,,,
@MichelleObama,,Kamala D. Harris,@KamalaHarris,3,,,,,,,
@PeteButtigieg,,Joe Biden,@JoeBiden,4,,,,,,,
@PeteButtigieg,,Joseph R. Biden,@JoeBiden,4,,,,,,,
@PeteButtigieg,,Joe Sestak,@JoeSestak,4,,,,,,,
@PeteButtigieg,,The Lincoln Project,@ProjectLincoln,4,,,,,,,
@PeteButtigieg,,Pete Buttigieg,@PeteButtigieg,4,,,,,,,
@SecondGentleman,,Joe Biden,@JoeBiden,6,,,,,,,
@SecondGentleman,,Joseph R. Biden,@JoeBiden,6,,,,,,,
@SecondGentleman,,Bennie J. Smith,@BennieJSmith1,6,,,,,,,
@SecondGentleman,,Keith McCormic,@KeithMcCormic,6,,,,,,,
@SecondGentleman,,Kamala D. Harris,@KamalaHarris,6,,,,,,,
@SecondGentleman,,Michael Bennet,@MichaelBennet,6,,,,,,,
@SecondGentleman,,Keith Davenport,@Davenport4POTUS,6,,,,,,,
@VP,,Joe Biden,@JoeBiden,6,,,,,,,
@VP,,Joseph R. Biden,@JoeBiden,6,,,,,,,
@VP,,President Boddie,@boddieforga,6,,,,,,,
@VP,,Bennie J. Smith,@BennieJSmith1,6,,,,,,,
@VP,,Keith McCormic,@KeithMcCormic,6,,,,,,,
@VP,,Kamala D. Harris,@KamalaHarris,6,,,,,,,
@VP,,Keith Davenport,@Davenport4POTUS,6,,,,,,,
@WhiteHouse,,Joe Biden,@JoeBiden,5,,,,,,,
@WhiteHouse,,Joseph R. Biden,@JoeBiden,5,,,,,,,
@WhiteHouse,,John Delaney,@JohnDelaney,5,,,,,,,
@WhiteHouse,,Barbara Bollier,@BarbaraBollier,5,,,,,,,
@WhiteHouse,,Kamala D. Harris,@KamalaHarris,5,,,,,,,
@WhiteHouse,,Keith Davenport,@Davenport4POTUS,5,,,,,,,
@CNN,,Bill Weld,@GovBillWeld,13,,,,,,,
@CNN,,Adia Winfrey,@drdia,13,,,,,,,
@CNN,,"Annie ""Mamá"" Garcia",@AnnieMamaGarcia,13,,,,,,,
@CNN,,Joe Sestak,@JoeSestak,13,,,,,,,
@CNN,,Kaynen Pellegrino,@RCVAlabama,13,,,,,,,
@CNN,,Darcy Richardson,@DarcyRichardson,13,,,,,,,
@CNN,,Andy Williams Jr.,@hoodcandidate,13,,,,,,,
@CNN,,David A. Perdue,@DavidPerdueGA,13,,,,,,,
@CNN,,Keith McCormic,@KeithMcCormic,13,,,,,,,
@CNN,,Kamala D. Harris,@KamalaHarris,13,,,,,,,
@CNN,,Alan Howe,@HoweDefendsUSA,13,,,,,,,
@CNN,,Keith Davenport,@Davenport4POTUS,13,,,,,,,
@CNN,,Gidget Groendyk,@GroendykGidget,13,,,,,,,
@Newsweek,,Bill Weld,@GovBillWeld,5,,,,,,,
@Newsweek,,Justin Amash,@justinamash,5,,,,,,,
@Newsweek,,Jo Jorgensen,@JoForLiberty,5,,,,,,,
@Newsweek,,Sam Sloan,@voteforsamsloan,5,,,,,,,
@Newsweek,,Joe McHugh,@votejoemchugh,5,,,,,,,
@HoustonChron,,Cristina Tzintzun Ramirez,@cristinanextgen,6,,,,,,,
@HoustonChron,,Amanda K. Edwards,@AKEdwardsTX,6,,,,,,,
@HoustonChron,,Adrian Ocegueda,@TxReason,6,,,,,,,
@HoustonChron,,Kiani Gardner,@KianiGardner,6,,,,,,,
@HoustonChron,,"Annie ""Mamá"" Garcia",@AnnieMamaGarcia,6,,,,,,,
@HoustonChron,,Kaynen Pellegrino,@RCVAlabama,6,,,,,,,
@JasmineForUS,,Cristina Tzintzun Ramirez,@cristinanextgen,3,,,,,,,
@JasmineForUS,,Amanda K. Edwards,@AKEdwardsTX,3,,,,,,,
@JasmineForUS,,Adrian Ocegueda,@TxReason,3,,,,,,,
@PatrickSvitek,,Cristina Tzintzun Ramirez,@cristinanextgen,3,,,,,,,
@PatrickSvitek,,Amanda K. Edwards,@AKEdwardsTX,3,,,,,,,
@PatrickSvitek,,Adrian Ocegueda,@TxReason,3,,,,,,,
@TexasTribune,,Cristina Tzintzun Ramirez,@cristinanextgen,4,,,,,,,
@TexasTribune,,Amanda K. Edwards,@AKEdwardsTX,4,,,,,,,
@TexasTribune,,Adrian Ocegueda,@TxReason,4,,,,,,,
@TexasTribune,,"Annie ""Mamá"" Garcia",@AnnieMamaGarcia,4,,,,,,,
@WashingtonPost,,Cristina Tzintzun Ramirez,@cristinanextgen,5,,,,,,,
@WashingtonPost,,Amanda K. Edwards,@AKEdwardsTX,5,,,,,,,
@WashingtonPost,,Adrian Ocegueda,@TxReason,5,,,,,,,
@WashingtonPost,,"Annie ""Mamá"" Garcia",@AnnieMamaGarcia,5,,,,,,,
@WashingtonPost,,Amy McGrath,@AmyMcGrathKY,5,,,,,,,
@austinfilm,,Cristina Tzintzun Ramirez,@cristinanextgen,3,,,,,,,
@austinfilm,,Amanda K. Edwards,@AKEdwardsTX,3,,,,,,,
@austinfilm,,Adrian Ocegueda,@TxReason,3,,,,,,,
@emcollective,,Cristina Tzintzun Ramirez,@cristinanextgen,3,,,,,,,
@emcollective,,Amanda K. Edwards,@AKEdwardsTX,3,,,,,,,
@emcollective,,Adrian Ocegueda,@TxReason,3,,,,,,,
@evanasmith,,Cristina Tzintzun Ramirez,@cristinanextgen,3,,,,,,,
@evanasmith,,Amanda K. Edwards,@AKEdwardsTX,3,,,,,,,
@evanasmith,,Adrian Ocegueda,@TxReason,3,,,,,,,
@lbjfoundation,,Cristina Tzintzun Ramirez,@cristinanextgen,3,,,,,,,
@lbjfoundation,,Amanda K. Edwards,@AKEdwardsTX,3,,,,,,,
@lbjfoundation,,Adrian Ocegueda,@TxReason,3,,,,,,,
@overheardpbs,,Cristina Tzintzun Ramirez,@cristinanextgen,3,,,,,,,
@overheardpbs,,Amanda K. Edwards,@AKEdwardsTX,3,,,,,,,
@overheardpbs,,Adrian Ocegueda,@TxReason,3,,,,,,,
@texasmonthly,,Cristina Tzintzun Ramirez,@cristinanextgen,3,,,,,,,
@texasmonthly,,Amanda K. Edwards,@AKEdwardsTX,3,,,,,,,
@texasmonthly,,Adrian Ocegueda,@TxReason,3,,,,,,,
@texastribune,,Cristina Tzintzun Ramirez,@cristinanextgen,3,,,,,,,
@texastribune,,Amanda K. Edwards,@AKEdwardsTX,3,,,,,,,
@texastribune,,Adrian Ocegueda,@TxReason,3,,,,,,,
@theatlantic,,Cristina Tzintzun Ramirez,@cristinanextgen,3,,,,,,,
@theatlantic,,Amanda K. Edwards,@AKEdwardsTX,3,,,,,,,
@theatlantic,,Adrian Ocegueda,@TxReason,3,,,,,,,
@thelbjschool,,Cristina Tzintzun Ramirez,@cristinanextgen,3,,,,,,,
@thelbjschool,,Amanda K. Edwards,@AKEdwardsTX,3,,,,,,,
@thelbjschool,,Adrian Ocegueda,@TxReason,3,,,,,,,
@uvademocracy,,Cristina Tzintzun Ramirez,@cristinanextgen,3,,,,,,,
@uvademocracy,,Amanda K. Edwards,@AKEdwardsTX,3,,,,,,,
@uvademocracy,,Adrian Ocegueda,@TxReason,3,,,,,,,
@washpost,,Cristina Tzintzun Ramirez,@cristinanextgen,3,,,,,,,
@washpost,,Amanda K. Edwards,@AKEdwardsTX,3,,,,,,,
@washpost,,Adrian Ocegueda,@TxReason,3,,,,,,,
@wilco,,Cristina Tzintzun Ramirez,@cristinanextgen,3,,,,,,,
@wilco,,Amanda K. Edwards,@AKEdwardsTX,3,,,,,,,
@wilco,,Adrian Ocegueda,@TxReason,3,,,,,,,
@NebraskaMJ,,Alisha Shelton,@AlishaKShelton,3,,,,,,,
@NebraskaMJ,,Angie Philips,@AngieForNe,3,,,,,,,
@NebraskaMJ,,Gene Siadek,@gsiadek,3,,,,,,,
@NebraskaMegan,,Alisha Shelton,@AlishaKShelton,3,,,,,,,
@NebraskaMegan,,Angie Philips,@AngieForNe,3,,,,,,,
@NebraskaMegan,,Chris Janicek,@CJSenate2020,3,,,,,,,
@BlackVotersMtr,,Deval Patrick,@DevalPatrick,3,,,,,,,
@BlackVotersMtr,,President Boddie,@boddieforga,3,,,,,,,
@BlackVotersMtr,,Adia Winfrey,@drdia,3,,,,,,,
@MsLaToshaBrown,,Deval Patrick,@DevalPatrick,3,,,,,,,
@MsLaToshaBrown,,President Boddie,@boddieforga,3,,,,,,,
@MsLaToshaBrown,,Adia Winfrey,@drdia,3,,,,,,,
@TPUSA,,Gerard Beloin,@GerardBeloin,4,,,,,,,
@TPUSA,,Gavin S. Clarkson,@DrGavinClarkson,4,,,,,,,
@TPUSA,,Turning Point USA,@TPUSA,4,,,,,,,
@TPUSA,,C. Wesley Morgan,@cwesleymorgan,4,,,,,,,
@TomFitton,,Gerard Beloin,@GerardBeloin,3,,,,,,,
@TomFitton,,C. Wesley Morgan,@cwesleymorgan,3,,,,,,,
@TomFitton,,David Schuster,@SCHUSTERCAMPAI1,3,,,,,,,
@charliekirk11,,Gerard Beloin,@GerardBeloin,4,,,,,,,
@charliekirk11,,Gavin S. Clarkson,@DrGavinClarkson,4,,,,,,,
@charliekirk11,,Turning Point USA,@TPUSA,4,,,,,,,
@charliekirk11,,C. Wesley Morgan,@cwesleymorgan,4,,,,,,,
@wvhouse,,Allen Whitt,@Whitt4WV,3,,,,,,,
@wvhouse,,Don Blankenship,@DonBlankenship,3,,,,,,,
@wvhouse,,Richard Ojeda,@Ojeda4America,3,,,,,,,
@KyleKulinski,,Eric Rothmuller,@EricRothmuller,6,,,,,,,
@KyleKulinski,,Sedinam Moyowasifza-Curry,@skcmcurry,6,,,,,,,
@KyleKulinski,,Marianne Williamson,@marwilliamson,6,,,,,,,
@KyleKulinski,,Brian Matlock,@KansasBrian,6,,,,,,,
@KyleKulinski,,Justice Democrats,@justicedems,6,,,,,,,
@KyleKulinski,,Jensen Bohren,@BohrenJensen,6,,,,,,,
@People4Bernie,,Eric Rothmuller,@EricRothmuller,3,,,,,,,
@People4Bernie,,Justice Democrats,@justicedems,3,,,,,,,
@People4Bernie,,Jessica Scarane,@JessforDelaware,3,,,,,,,
@RoKhanna,,Eric Rothmuller,@EricRothmuller,3,,,,,,,
@RoKhanna,,Brian Matlock,@KansasBrian,3,,,,,,,
@RoKhanna,,Justice Democrats,@justicedems,3,,,,,,,
@krystalball,,Eric Rothmuller,@EricRothmuller,4,,,,,,,
@krystalball,,Marianne Williamson,@marwilliamson,4,,,,,,,
@krystalball,,Brian Matlock,@KansasBrian,4,,,,,,,
@krystalball,,Justice Democrats,@justicedems,4,,,,,,,
@krystalmball,,Eric Rothmuller,@EricRothmuller,4,,,,,,,
@krystalmball,,Marianne Williamson,@marwilliamson,4,,,,,,,
@krystalmball,,Brian Matlock,@KansasBrian,4,,,,,,,
@krystalmball,,Justice Democrats,@justicedems,4,,,,,,,
@DanForTexas,,Bob Walsh,@bobwalshsf,5,,,,,,,
@DanForTexas,,Daniel Behrman,@DanForTexas,5,,,,,,,
@DanForTexas,,Brad Barron,@barron_ky,5,,,,,,,
@DanForTexas,,John Monds,@ElectMonds,5,,,,,,,
@DanForTexas,,Jason Buckley,@JBuckley2020,5,,,,,,,
@JoForLiberty,,Bob Walsh,@bobwalshsf,7,,,,,,,
@JoForLiberty,,Justin Amash,@justinamash,7,,,,,,,
@JoForLiberty,,Jo Jorgensen,@JoForLiberty,7,,,,,,,
@JoForLiberty,,Gene Siadek,@gsiadek,7,,,,,,,
@JoForLiberty,,Brad Barron,@barron_ky,7,,,,,,,
@JoForLiberty,,John Monds,@ElectMonds,7,,,,,,,
@JoForLiberty,,Jason Buckley,@JBuckley2020,7,,,,,,,
@LPMisesCaucus,,Bob Walsh,@bobwalshsf,8,,,,,,,
@LPMisesCaucus,,Keenan Dunham,@Kdunham4peace,8,,,,,,,
@LPMisesCaucus,,Justin Amash,@justinamash,8,,,,,,,
@LPMisesCaucus,,Jacob Hornberger,@JacobforLiberty,8,,,,,,,
@LPMisesCaucus,,Brad Barron,@barron_ky,8,,,,,,,
@LPMisesCaucus,,Max Abramson,@RepAbramson,8,,,,,,,
@LPMisesCaucus,,John Monds,@ElectMonds,8,,,,,,,
@LPMisesCaucus,,Joe McHugh,@votejoemchugh,8,,,,,,,
@RealSpikeCohen,,Bob Walsh,@bobwalshsf,9,,,,,,,
@RealSpikeCohen,,Keenan Dunham,@Kdunham4peace,9,,,,,,,
@RealSpikeCohen,,Justin Amash,@justinamash,9,,,,,,,
@RealSpikeCohen,,Jo Jorgensen,@JoForLiberty,9,,,,,,,
@RealSpikeCohen,,Brad Barron,@barron_ky,9,,,,,,,
@RealSpikeCohen,,Kenneth Blevins,@LibertyCowboyKB,9,,,,,,,
@RealSpikeCohen,,John Monds,@ElectMonds,9,,,,,,,
@RealSpikeCohen,,Joe McHugh,@votejoemchugh,9,,,,,,,
@RealSpikeCohen,,Jason Buckley,@JBuckley2020,9,,,,,,,
@RonPaul,,Bob Walsh,@bobwalshsf,3,,,,,,,
@RonPaul,,Ibrahim A. Taher,@Ibra_Taher,3,,,,,,,
@RonPaul,,C. Wesley Morgan,@cwesleymorgan,3,,,,,,,
@YATPOfficial,,Bob Walsh,@bobwalshsf,9,,,,,,,
@YATPOfficial,,Keenan Dunham,@Kdunham4peace,9,,,,,,,
@YATPOfficial,,Justin Amash,@justinamash,9,,,,,,,
@YATPOfficial,,Jo Jorgensen,@JoForLiberty,9,,,,,,,
@YATPOfficial,,Brad Barron,@barron_ky,9,,,,,,,
@YATPOfficial,,Kenneth Blevins,@LibertyCowboyKB,9,,,,,,,
@YATPOfficial,,John Monds,@ElectMonds,9,,,,,,,
@YATPOfficial,,Joe McHugh,@votejoemchugh,9,,,,,,,
@YATPOfficial,,Jason Buckley,@JBuckley2020,9,,,,,,,
@justinamash,,Bob Walsh,@bobwalshsf,11,,,,,,,
@justinamash,,Keenan Dunham,@Kdunham4peace,11,,,,,,,
@justinamash,,Justin Amash,@justinamash,11,,,,,,,
@justinamash,,Ibrahim A. Taher,@Ibra_Taher,11,,,,,,,
@justinamash,,Jo Jorgensen,@JoForLiberty,11,,,,,,,
@justinamash,,Gene Siadek,@gsiadek,11,,,,,,,
@justinamash,,Brad Barron,@barron_ky,11,,,,,,,
@justinamash,,Max Abramson,@RepAbramson,11,,,,,,,
@justinamash,,Kenneth Blevins,@LibertyCowboyKB,11,,,,,,,
@justinamash,,Joe McHugh,@votejoemchugh,11,,,,,,,
@justinamash,,Jason Buckley,@JBuckley2020,11,,,,,,,
@people4liberty,,Bob Walsh,@bobwalshsf,6,,,,,,,
@people4liberty,,Justin Amash,@justinamash,6,,,,,,,
@people4liberty,,Gene Siadek,@gsiadek,6,,,,,,,
@people4liberty,,Brad Barron,@barron_ky,6,,,,,,,
@people4liberty,,John Monds,@ElectMonds,6,,,,,,,
@people4liberty,,Jason Buckley,@JBuckley2020,6,,,,,,,
@NRSC,,Cory Gardner,@CoryGardner,3,,,,,,,
@NRSC,,Jessica Taylor,@JessicaTaylorAL,3,,,,,,,
@NRSC,,Andy Williams Jr.,@hoodcandidate,3,,,,,,,
@AP,,"""Bill"" Cassidy",@BillCassidy,7,,,,,,,
@AP,,Allen Buckley,@BuckleyForGA,7,,,,,,,
@AP,,Kiani Gardner,@KianiGardner,7,,,,,,,
@AP,,Joe Sestak,@JoeSestak,7,,,,,,,
@AP,,Kaynen Pellegrino,@RCVAlabama,7,,,,,,,
@AP,,Mark Sanford,@MarkSanford,7,,,,,,,
@AP,,Al Bartell,@BartellforGov,7,,,,,,,
@AJC,,President Boddie,@boddieforga,4,,,,,,,
@AJC,,Ed Tarver,@edtarverga,4,,,,,,,
@AJC,,Allen Buckley,@BuckleyForGA,4,,,,,,,
@AJC,,A. Wayne Johnson,@WayneJohnson4GA,4,,,,,,,
@RewiringAmerica,,President Boddie,@boddieforga,3,,,,,,,
@RewiringAmerica,,Deborah Jackson,@MayorDAJackson,3,,,,,,,
@RewiringAmerica,,Elizabeth Warren,@ewarren,3,,,,,,,
@bluestein,,President Boddie,@boddieforga,4,,,,,,,
@bluestein,,Ed Tarver,@edtarverga,4,,,,,,,
@bluestein,,Allen Buckley,@BuckleyForGA,4,,,,,,,
@bluestein,,A. Wayne Johnson,@WayneJohnson4GA,4,,,,,,,
@ossoff,,President Boddie,@boddieforga,4,,,,,,,
@ossoff,,Ed Tarver,@edtarverga,4,,,,,,,
@ossoff,,Kiani Gardner,@KianiGardner,4,,,,,,,
@ossoff,,Jaime Harrison,@harrisonjaime,4,,,,,,,
@politicallyga,,President Boddie,@boddieforga,4,,,,,,,
@politicallyga,,Ed Tarver,@edtarverga,4,,,,,,,
@politicallyga,,Allen Buckley,@BuckleyForGA,4,,,,,,,
@politicallyga,,A. Wayne Johnson,@WayneJohnson4GA,4,,,,,,,
@staceyabrams,,President Boddie,@boddieforga,3,,,,,,,
@staceyabrams,,Deborah Jackson,@MayorDAJackson,3,,,,,,,
@staceyabrams,,Elizabeth Warren,@ewarren,3,,,,,,,
@wabenews,,President Boddie,@boddieforga,4,,,,,,,
@wabenews,,Ed Tarver,@edtarverga,4,,,,,,,
@wabenews,,Allen Buckley,@BuckleyForGA,4,,,,,,,
@wabenews,,A. Wayne Johnson,@WayneJohnson4GA,4,,,,,,,
@BarbMcQuade,,Ed Tarver,@edtarverga,3,,,,,,,
@BarbMcQuade,,Amy McGrath,@AmyMcGrathKY,3,,,,,,,
@BarbMcQuade,,Matthew Matern,@Matern2020,3,,,,,,,
@HoodtotheHoller,,Ed Tarver,@edtarverga,3,,,,,,,
@HoodtotheHoller,,Adia Winfrey,@drdia,3,,,,,,,
@HoodtotheHoller,,Bernie Sanders,@BernieSanders,3,,,,,,,
@JoyceWhiteVance,,Ed Tarver,@edtarverga,6,,,,,,,
@JoyceWhiteVance,,Kaynen Pellegrino,@RCVAlabama,6,,,,,,,
@JoyceWhiteVance,,Eric Swalwell,@ericswalwell,6,,,,,,,
@JoyceWhiteVance,,Chris Janicek,@CJSenate2020,6,,,,,,,
@JoyceWhiteVance,,Matthew Matern,@Matern2020,6,,,,,,,
@JoyceWhiteVance,,Jaime Harrison,@harrisonjaime,6,,,,,,,
@Lakers,,Ed Tarver,@edtarverga,4,,,,,,,
@Lakers,,Kiani Gardner,@KianiGardner,4,,,,,,,
@Lakers,,Amy McGrath,@AmyMcGrathKY,4,,,,,,,
@Lakers,,Cal Cunningham,@CalforNC,4,,,,,,,
@Marvel,,Ed Tarver,@edtarverga,5,,,,,,,
@Marvel,,Kiani Gardner,@KianiGardner,5,,,,,,,
@Marvel,,Amy McGrath,@AmyMcGrathKY,5,,,,,,,
@Marvel,,Amy Colter,@AmyColter,5,,,,,,,
@Marvel,,Cal Cunningham,@CalforNC,5,,,,,,,
@SenWarren,,Ed Tarver,@edtarverga,5,,,,,,,
@SenWarren,,Elizabeth Warren,@ewarren,5,,,,,,,
@SenWarren,,Barbara Ruth Bellar,@BarbaraBellar,5,,,,,,,
@SenWarren,,Jensen Bohren,@BohrenJensen,5,,,,,,,
@SenWarren,,Kamala D. Harris,@KamalaHarris,5,,,,,,,
@UALawSchool,,Ed Tarver,@edtarverga,6,,,,,,,
@UALawSchool,,Kaynen Pellegrino,@RCVAlabama,6,,,,,,,
@UALawSchool,,Eric Swalwell,@ericswalwell,6,,,,,,,
@UALawSchool,,Chris Janicek,@CJSenate2020,6,,,,,,,
@UALawSchool,,Matthew Matern,@Matern2020,6,,,,,,,
@UALawSchool,,Jaime Harrison,@harrisonjaime,6,,,,,,,
@UMichLaw,,Ed Tarver,@edtarverga,3,,,,,,,
@UMichLaw,,Amy McGrath,@AmyMcGrathKY,3,,,,,,,
@UMichLaw,,Matthew Matern,@Matern2020,3,,,,,,,
@WWE,,Ed Tarver,@edtarverga,4,,,,,,,
@WWE,,Kiani Gardner,@KianiGardner,4,,,,,,,
@WWE,,Amy McGrath,@AmyMcGrathKY,4,,,,,,,
@WWE,,Cal Cunningham,@CalforNC,4,,,,,,,
@harrisonjaime,,Ed Tarver,@edtarverga,5,,,,,,,
@harrisonjaime,,Kiani Gardner,@KianiGardner,5,,,,,,,
@harrisonjaime,,Amy McGrath,@AmyMcGrathKY,5,,,,,,,
@harrisonjaime,,Cal Cunningham,@CalforNC,5,,,,,,,
@harrisonjaime,,Jaime Harrison,@harrisonjaime,5,,,,,,,
@tedlieu,,Ed Tarver,@edtarverga,8,,,,,,,
@tedlieu,,Eric Swalwell,@ericswalwell,8,,,,,,,
@tedlieu,,The Lincoln Project,@ProjectLincoln,8,,,,,,,
@tedlieu,,Bennie J. Smith,@BennieJSmith1,8,,,,,,,
@tedlieu,,Chris Janicek,@CJSenate2020,8,,,,,,,
@tedlieu,,Pete Buttigieg,@PeteButtigieg,8,,,,,,,
@tedlieu,,Gidget Groendyk,@GroendykGidget,8,,,,,,,
@tedlieu,,Jaime Harrison,@harrisonjaime,8,,,,,,,
@LPNational,,Allen Buckley,@BuckleyForGA,12,,,,,,,
@LPNational,,Justin Amash,@justinamash,12,,,,,,,
@LPNational,,Jo Jorgensen,@JoForLiberty,12,,,,,,,
@LPNational,,Allen R. Waters,@AllenWatersUSA,12,,,,,,,
@LPNational,,Lincoln Chafee,@LincolnChafee,12,,,,,,,
@LPNational,,Brad Barron,@barron_ky,12,,,,,,,
@LPNational,,Mark Stewart Greenstein,@Stewart4Liberty,12,,,,,,,
@LPNational,,Max Abramson,@RepAbramson,12,,,,,,,
@LPNational,,Kenneth Blevins,@LibertyCowboyKB,12,,,,,,,
@LPNational,,John Monds,@ElectMonds,12,,,,,,,
@LPNational,,Joe McHugh,@votejoemchugh,12,,,,,,,
@LPNational,,Jason Buckley,@JBuckley2020,12,,,,,,,
@ajc,,Allen Buckley,@BuckleyForGA,5,,,,,,,
@ajc,,A. Wayne Johnson,@WayneJohnson4GA,5,,,,,,,
@ajc,,Kiani Gardner,@KianiGardner,5,,,,,,,
@ajc,,Kaynen Pellegrino,@RCVAlabama,5,,,,,,,
@ajc,,Deborah Jackson,@MayorDAJackson,5,,,,,,,
@RacePowerPolicy,,Adia Winfrey,@drdia,5,,,,,,,
@RacePowerPolicy,,Sedinam Moyowasifza-Curry,@skcmcurry,5,,,,,,,
@RacePowerPolicy,,Brian Matlock,@KansasBrian,5,,,,,,,
@RacePowerPolicy,,Justice Democrats,@justicedems,5,,,,,,,
@RacePowerPolicy,,Jensen Bohren,@BohrenJensen,5,,,,,,,
@ninaturner,,Adia Winfrey,@drdia,5,,,,,,,
@ninaturner,,Sedinam Moyowasifza-Curry,@skcmcurry,5,,,,,,,
@ninaturner,,Brian Matlock,@KansasBrian,5,,,,,,,
@ninaturner,,Justice Democrats,@justicedems,5,,,,,,,
@ninaturner,,Jensen Bohren,@BohrenJensen,5,,,,,,,
@elonmusk,,Robert McGee,@rmcgeeUShouseSC,4,,,,,,,
@elonmusk,,Gene Siadek,@gsiadek,4,,,,,,,
@elonmusk,,Jason Buckley,@JBuckley2020,4,,,,,,,
@elonmusk,,Gary Dye,@GaryLyndonDye,4,,,,,,,
@JohnArchibald,,Kiani Gardner,@KianiGardner,3,,,,,,,
@JohnArchibald,,Doug Jones,@DougJonesHQ,3,,,,,,,
@JohnArchibald,,Kaynen Pellegrino,@RCVAlabama,3,,,,,,,
@Niemanfdn,,Kiani Gardner,@KianiGardner,3,,,,,,,
@Niemanfdn,,Doug Jones,@DougJonesHQ,3,,,,,,,
@Niemanfdn,,Kaynen Pellegrino,@RCVAlabama,3,,,,,,,
@latimes,,Kiani Gardner,@KianiGardner,3,,,,,,,
@latimes,,Kaynen Pellegrino,@RCVAlabama,3,,,,,,,
@latimes,,Frank Scurlock,@FrankScurlock2,3,,,,,,,
@nytimes,,Kiani Gardner,@KianiGardner,6,,,,,,,
@nytimes,,Jeffrey Alan Grunau,@JeffreyGrunau,6,,,,,,,
@nytimes,,Kaynen Pellegrino,@RCVAlabama,6,,,,,,,
@nytimes,,Gaylon Kent,@GaylonKent,6,,,,,,,
@nytimes,,Donald Eugene Lowe,@USPresidentLowe,6,,,,,,,
@nytimes,,Mark Stewart Greenstein,@Stewart4Liberty,6,,,,,,,
@AOC,,A.D. Nesbit,@nesbit_ok,4,,,,,,,
@AOC,,Brian Ellison,@BEllisonSaysHi,4,,,,,,,
@AOC,,"Annie ""Mamá"" Garcia",@AnnieMamaGarcia,4,,,,,,,
@AOC,,Jeffrey Alan Grunau,@JeffreyGrunau,4,,,,,,,
@WedgeSquared,,Brian Ellison,@BEllisonSaysHi,3,,,,,,,
@WedgeSquared,,Lincoln Chafee,@LincolnChafee,3,,,,,,,
@WedgeSquared,,Mark Stewart Greenstein,@Stewart4Liberty,3,,,,,,,
@TheWeekendMSNBC,,"Annie ""Mamá"" Garcia",@AnnieMamaGarcia,4,,,,,,,
@TheWeekendMSNBC,,Bennie J. Smith,@BennieJSmith1,4,,,,,,,
@TheWeekendMSNBC,,Jim Vandermaas,@votevandermaas,4,,,,,,,
@TheWeekendMSNBC,,Gidget Groendyk,@GroendykGidget,4,,,,,,,
@griffinkyle,,"Annie ""Mamá"" Garcia",@AnnieMamaGarcia,4,,,,,,,
@griffinkyle,,Bennie J. Smith,@BennieJSmith1,4,,,,,,,
@griffinkyle,,Jim Vandermaas,@votevandermaas,4,,,,,,,
@griffinkyle,,Gidget Groendyk,@GroendykGidget,4,,,,,,,
@kylegriffin1,,"Annie ""Mamá"" Garcia",@AnnieMamaGarcia,4,,,,,,,
@kylegriffin1,,Bennie J. Smith,@BennieJSmith1,4,,,,,,,
@kylegriffin1,,Jim Vandermaas,@votevandermaas,4,,,,,,,
@kylegriffin1,,Gidget Groendyk,@GroendykGidget,4,,,,,,,
@BernieSanders,,Jeffrey Alan Grunau,@JeffreyGrunau,5,,,,,,,
@BernieSanders,,Marianne Williamson,@marwilliamson,5,,,,,,,
@BernieSanders,,Bernie Sanders,@BernieSanders,5,,,,,,,
@BernieSanders,,Barbara Ruth Bellar,@BarbaraBellar,5,,,,,,,
@BernieSanders,,Jensen Bohren,@BohrenJensen,5,,,,,,,
@CFPB,,Jeffrey Alan Grunau,@JeffreyGrunau,6,,,,,,,
@CFPB,,Barbara Ruth Bellar,@BarbaraBellar,6,,,,,,,
@CFPB,,Jensen Bohren,@BohrenJensen,6,,,,,,,
@CFPB,,Kamala D. Harris,@KamalaHarris,6,,,,,,,
@CFPB,,Pete Buttigieg,@PeteButtigieg,6,,,,,,,
@CFPB,,Jim Vandermaas,@votevandermaas,6,,,,,,,
@ewarren,,Jeffrey Alan Grunau,@JeffreyGrunau,7,,,,,,,
@ewarren,,Elizabeth Warren,@ewarren,7,,,,,,,
@ewarren,,Barbara Ruth Bellar,@BarbaraBellar,7,,,,,,,
@ewarren,,Jensen Bohren,@BohrenJensen,7,,,,,,,
@ewarren,,Kamala D. Harris,@KamalaHarris,7,,,,,,,
@ewarren,,Pete Buttigieg,@PeteButtigieg,7,,,,,,,
@ewarren,,Jim Vandermaas,@votevandermaas,7,,,,,,,
@JohnFetterman,,Joe Sestak,@JoeSestak,3,,,,,,,
@JohnFetterman,,Jensen Bohren,@BohrenJensen,3,,,,,,,
@JohnFetterman,,Pete Buttigieg,@PeteButtigieg,3,,,,,,,
@UNC,,Mark Sanford,@MarkSanford,3,,,,,,,
@UNC,,Michael Bennet,@MichaelBennet,3,,,,,,,
@UNC,,Keith Davenport,@Davenport4POTUS,3,,,,,,,
@DrJillStein,,Al Bartell,@BartellforGov,4,,,,,,,
@DrJillStein,,"James G. ""Jesse Ventura"" Janos",@GovJVentura,4,,,,,,,
@DrJillStein,,David B. Collins,@dbcgreentx,4,,,,,,,
@DrJillStein,,Howie Hawkins,@HowieHawkins,4,,,,,,,
@BuenoForMiami,,Keenan Dunham,@Kdunham4peace,3,,,,,,,
@BuenoForMiami,,Jo Jorgensen,@JoForLiberty,3,,,,,,,
@BuenoForMiami,,Brad Barron,@barron_ky,3,,,,,,,
@HannahDCox,,Keenan Dunham,@Kdunham4peace,6,,,,,,,
@HannahDCox,,Justin Amash,@justinamash,6,,,,,,,
@HannahDCox,,Jo Jorgensen,@JoForLiberty,6,,,,,,,
@HannahDCox,,Jacob Hornberger,@JacobforLiberty,6,,,,,,,
@HannahDCox,,Kenneth Blevins,@LibertyCowboyKB,6,,,,,,,
@HannahDCox,,Joe McHugh,@votejoemchugh,6,,,,,,,
@LPNH,,Keenan Dunham,@Kdunham4peace,5,,,,,,,
@LPNH,,Jacob Hornberger,@JacobforLiberty,5,,,,,,,
@LPNH,,Brad Barron,@barron_ky,5,,,,,,,
@LPNH,,John Monds,@ElectMonds,5,,,,,,,
@LPNH,,Joe McHugh,@votejoemchugh,5,,,,,,,
@ShaneTHazel,,Keenan Dunham,@Kdunham4peace,7,,,,,,,
@ShaneTHazel,,Jo Jorgensen,@JoForLiberty,7,,,,,,,
@ShaneTHazel,,Jacob Hornberger,@JacobforLiberty,7,,,,,,,
@ShaneTHazel,,Brad Barron,@barron_ky,7,,,,,,,
@ShaneTHazel,,Kenneth Blevins,@LibertyCowboyKB,7,,,,,,,
@ShaneTHazel,,John Monds,@ElectMonds,7,,,,,,,
@ShaneTHazel,,Joe McHugh,@votejoemchugh,7,,,,,,,
@Swan,,Keenan Dunham,@Kdunham4peace,7,,,,,,,
@Swan,,Jo Jorgensen,@JoForLiberty,7,,,,,,,
@Swan,,Jacob Hornberger,@JacobforLiberty,7,,,,,,,
@Swan,,Brad Barron,@barron_ky,7,,,,,,,
@Swan,,Kenneth Blevins,@LibertyCowboyKB,7,,,,,,,
@Swan,,John Monds,@ElectMonds,7,,,,,,,
@Swan,,Joe McHugh,@votejoemchugh,7,,,,,,,
@angela4LNCChair,,Keenan Dunham,@Kdunham4peace,7,,,,,,,
@angela4LNCChair,,Justin Amash,@justinamash,7,,,,,,,
@angela4LNCChair,,Jo Jorgensen,@JoForLiberty,7,,,,,,,
@angela4LNCChair,,Jacob Hornberger,@JacobforLiberty,7,,,,,,,
@angela4LNCChair,,Brad Barron,@barron_ky,7,,,,,,,
@angela4LNCChair,,John Monds,@ElectMonds,7,,,,,,,
@angela4LNCChair,,Joe McHugh,@votejoemchugh,7,,,,,,,
@beinlibertarian,,Keenan Dunham,@Kdunham4peace,7,,,,,,,
@beinlibertarian,,Jo Jorgensen,@JoForLiberty,7,,,,,,,
@beinlibertarian,,Brad Barron,@barron_ky,7,,,,,,,
@beinlibertarian,,Max Abramson,@RepAbramson,7,,,,,,,
@beinlibertarian,,Kenneth Blevins,@LibertyCowboyKB,7,,,,,,,
@beinlibertarian,,John Monds,@ElectMonds,7,,,,,,,
@beinlibertarian,,Joe McHugh,@votejoemchugh,7,,,,,,,
@lpnational,,Keenan Dunham,@Kdunham4peace,7,,,,,,,
@lpnational,,Justin Amash,@justinamash,7,,,,,,,
@lpnational,,Jo Jorgensen,@JoForLiberty,7,,,,,,,
@lpnational,,Jacob Hornberger,@JacobforLiberty,7,,,,,,,
@lpnational,,Brad Barron,@barron_ky,7,,,,,,,
@lpnational,,John Monds,@ElectMonds,7,,,,,,,
@lpnational,,Joe McHugh,@votejoemchugh,7,,,,,,,
@whitecoatwaste,,Keenan Dunham,@Kdunham4peace,6,,,,,,,
@whitecoatwaste,,Justin Amash,@justinamash,6,,,,,,,
@whitecoatwaste,,Jo Jorgensen,@JoForLiberty,6,,,,,,,
@whitecoatwaste,,Jacob Hornberger,@JacobforLiberty,6,,,,,,,
@whitecoatwaste,,Kenneth Blevins,@LibertyCowboyKB,6,,,,,,,
@whitecoatwaste,,Joe McHugh,@votejoemchugh,6,,,,,,,
@ChaseForLiberty,,Justin Amash,@justinamash,4,,,,,,,
@ChaseForLiberty,,Jo Jorgensen,@JoForLiberty,4,,,,,,,
@ChaseForLiberty,,Brad Barron,@barron_ky,4,,,,,,,
@ChaseForLiberty,,Kenneth Blevins,@LibertyCowboyKB,4,,,,,,,
@DCExaminer,,Justin Amash,@justinamash,3,,,,,,,
@DCExaminer,,Jo Jorgensen,@JoForLiberty,3,,,,,,,
@DCExaminer,,Joe McHugh,@votejoemchugh,3,,,,,,,
@LPTN1776,,Justin Amash,@justinamash,6,,,,,,,
@LPTN1776,,Jo Jorgensen,@JoForLiberty,6,,,,,,,
@LPTN1776,,Jacob Hornberger,@JacobforLiberty,6,,,,,,,
@LPTN1776,,Brad Barron,@barron_ky,6,,,,,,,
@LPTN1776,,Kenneth Blevins,@LibertyCowboyKB,6,,,,,,,
@LPTN1776,,John Monds,@ElectMonds,6,,,,,,,
@NYPost,,Justin Amash,@justinamash,3,,,,,,,
@NYPost,,Jo Jorgensen,@JoForLiberty,3,,,,,,,
@NYPost,,Joe McHugh,@votejoemchugh,3,,,,,,,
@ReasonFdn,,Justin Amash,@justinamash,3,,,,,,,
@ReasonFdn,,Jo Jorgensen,@JoForLiberty,3,,,,,,,
@ReasonFdn,,John Monds,@ElectMonds,3,,,,,,,
@ToddHagopian,,Justin Amash,@justinamash,8,,,,,,,
@ToddHagopian,,Jo Jorgensen,@JoForLiberty,8,,,,,,,
@ToddHagopian,,Jacob Hornberger,@JacobforLiberty,8,,,,,,,
@ToddHagopian,,Brad Barron,@barron_ky,8,,,,,,,
@ToddHagopian,,Max Abramson,@RepAbramson,8,,,,,,,
@ToddHagopian,,Kenneth Blevins,@LibertyCowboyKB,8,,,,,,,
@ToddHagopian,,John Monds,@ElectMonds,8,,,,,,,
@ToddHagopian,,Joe McHugh,@votejoemchugh,8,,,,,,,
@brad_polumbo,,Justin Amash,@justinamash,3,,,,,,,
@brad_polumbo,,Jo Jorgensen,@JoForLiberty,3,,,,,,,
@brad_polumbo,,Joe McHugh,@votejoemchugh,3,,,,,,,
@checkmatestate,,Justin Amash,@justinamash,5,,,,,,,
@checkmatestate,,Jo Jorgensen,@JoForLiberty,5,,,,,,,
@checkmatestate,,Jacob Hornberger,@JacobforLiberty,5,,,,,,,
@checkmatestate,,Max Abramson,@RepAbramson,5,,,,,,,
@checkmatestate,,John Monds,@ElectMonds,5,,,,,,,
@reason,,Justin Amash,@justinamash,3,,,,,,,
@reason,,Jo Jorgensen,@JoForLiberty,3,,,,,,,
@reason,,John Monds,@ElectMonds,3,,,,,,,
@AmyKremer,,Jessica Taylor,@JessicaTaylorAL,3,,,,,,,
@AmyKremer,,David A. Perdue,@DavidPerdueGA,3,,,,,,,
@AmyKremer,,Doug Collins,@CollinsforGA,3,,,,,,,
@GAGOP,,Jessica Taylor,@JessicaTaylorAL,3,,,,,,,
@GAGOP,,David A. Perdue,@DavidPerdueGA,3,,,,,,,
@GAGOP,,Doug Collins,@CollinsforGA,3,,,,,,,
@america1stwomen,,Jessica Taylor,@JessicaTaylorAL,3,,,,,,,
@america1stwomen,,David A. Perdue,@DavidPerdueGA,3,,,,,,,
@america1stwomen,,Doug Collins,@CollinsforGA,3,,,,,,,
@womenfortrump,,Jessica Taylor,@JessicaTaylorAL,3,,,,,,,
@womenfortrump,,David A. Perdue,@DavidPerdueGA,3,,,,,,,
@womenfortrump,,Doug Collins,@CollinsforGA,3,,,,,,,
@JulianCastro,,Andrew Yang,@AndrewYang,3,,,,,,,
@JulianCastro,,Elizabeth Warren,@ewarren,3,,,,,,,
@JulianCastro,,Julián Castro,@JulianCastro,3,,,,,,,
@RepRaskin,,Andrew Yang,@AndrewYang,4,,,,,,,
@RepRaskin,,Eric Swalwell,@ericswalwell,4,,,,,,,
@RepRaskin,,Pete Buttigieg,@PeteButtigieg,4,,,,,,,
@RepRaskin,,Jaime Harrison,@harrisonjaime,4,,,,,,,
@AdamKinzinger,,Eric Swalwell,@ericswalwell,3,,,,,,,
@AdamKinzinger,,Joe Walsh,@WalshFreedom,3,,,,,,,
@AdamKinzinger,,The Lincoln Project,@ProjectLincoln,3,,,,,,,
@AirNatlGuard,,Eric Swalwell,@ericswalwell,3,,,,,,,
@AirNatlGuard,,Joe Walsh,@WalshFreedom,3,,,,,,,
@AirNatlGuard,,The Lincoln Project,@ProjectLincoln,3,,,,,,,
@DemocracyDocket,,Eric Swalwell,@ericswalwell,4,,,,,,,
@DemocracyDocket,,The Lincoln Project,@ProjectLincoln,4,,,,,,,
@DemocracyDocket,,Pete Buttigieg,@PeteButtigieg,4,,,,,,,
@DemocracyDocket,,Jaime Harrison,@harrisonjaime,4,,,,,,,
@EliasLawGroup,,Eric Swalwell,@ericswalwell,4,,,,,,,
@EliasLawGroup,,The Lincoln Project,@ProjectLincoln,4,,,,,,,
@EliasLawGroup,,Pete Buttigieg,@PeteButtigieg,4,,,,,,,
@EliasLawGroup,,Jaime Harrison,@harrisonjaime,4,,,,,,,
@HouseDemocrats,,Eric Swalwell,@ericswalwell,4,,,,,,,
@HouseDemocrats,,Elizabeth Warren,@ewarren,4,,,,,,,
@HouseDemocrats,,Jim Vandermaas,@votevandermaas,4,,,,,,,
@HouseDemocrats,,Jaime Harrison,@harrisonjaime,4,,,,,,,
@MeidasTouch,,Eric Swalwell,@ericswalwell,6,,,,,,,
@MeidasTouch,,Joe Walsh,@WalshFreedom,6,,,,,,,
@MeidasTouch,,The Lincoln Project,@ProjectLincoln,6,,,,,,,
@MeidasTouch,,Bennie J. Smith,@BennieJSmith1,6,,,,,,,
@MeidasTouch,,Pete Buttigieg,@PeteButtigieg,6,,,,,,,
@MeidasTouch,,Jim Vandermaas,@votevandermaas,6,,,,,,,
@RepAdamSchiff,,Eric Swalwell,@ericswalwell,4,,,,,,,
@RepAdamSchiff,,The Lincoln Project,@ProjectLincoln,4,,,,,,,
@RepAdamSchiff,,Pete Buttigieg,@PeteButtigieg,4,,,,,,,
@RepAdamSchiff,,Jim Vandermaas,@votevandermaas,4,,,,,,,
@RepJeffries,,Eric Swalwell,@ericswalwell,3,,,,,,,
@RepJeffries,,Jim Vandermaas,@votevandermaas,3,,,,,,,
@RepJeffries,,Jaime Harrison,@harrisonjaime,3,,,,,,,
@TheRickWilson,,Eric Swalwell,@ericswalwell,5,,,,,,,
@TheRickWilson,,Joe Walsh,@WalshFreedom,5,,,,,,,
@TheRickWilson,,The Lincoln Project,@ProjectLincoln,5,,,,,,,
@TheRickWilson,,Pete Buttigieg,@PeteButtigieg,5,,,,,,,
@TheRickWilson,,Jim Vandermaas,@votevandermaas,5,,,,,,,
@country_f1rst,,Eric Swalwell,@ericswalwell,3,,,,,,,
@country_f1rst,,Joe Walsh,@WalshFreedom,3,,,,,,,
@country_f1rst,,The Lincoln Project,@ProjectLincoln,3,,,,,,,
@ericswalwell,,Eric Swalwell,@ericswalwell,5,,,,,,,
@ericswalwell,,Amy McGrath,@AmyMcGrathKY,5,,,,,,,
@ericswalwell,,Joe Walsh,@WalshFreedom,5,,,,,,,
@ericswalwell,,Chris Janicek,@CJSenate2020,5,,,,,,,
@ericswalwell,,Jaime Harrison,@harrisonjaime,5,,,,,,,
@marceelias,,Eric Swalwell,@ericswalwell,4,,,,,,,
@marceelias,,The Lincoln Project,@ProjectLincoln,4,,,,,,,
@marceelias,,Pete Buttigieg,@PeteButtigieg,4,,,,,,,
@marceelias,,Jaime Harrison,@harrisonjaime,4,,,,,,,
@nafo,,Eric Swalwell,@ericswalwell,3,,,,,,,
@nafo,,Joe Walsh,@WalshFreedom,3,,,,,,,
@nafo,,The Lincoln Project,@ProjectLincoln,3,,,,,,,
@natsechobbyist,,Eric Swalwell,@ericswalwell,3,,,,,,,
@natsechobbyist,,Amy McGrath,@AmyMcGrathKY,3,,,,,,,
@natsechobbyist,,Joe Walsh,@WalshFreedom,3,,,,,,,
@AmyMcGrathKY,,Amy McGrath,@AmyMcGrathKY,3,,,,,,,
@AmyMcGrathKY,,Eddie J. Mauro,@eddiejmauro,3,,,,,,,
@AmyMcGrathKY,,Cal Cunningham,@CalforNC,3,,,,,,,
@clairecmc,,Amy McGrath,@AmyMcGrathKY,3,,,,,,,
@clairecmc,,Joe Walsh,@WalshFreedom,3,,,,,,,
@clairecmc,,Jaime Harrison,@harrisonjaime,3,,,,,,,
@AmpedUpPodcast,,Sedinam Moyowasifza-Curry,@skcmcurry,6,,,,,,,
@AmpedUpPodcast,,Marianne Williamson,@marwilliamson,6,,,,,,,
@AmpedUpPodcast,,David B. Collins,@dbcgreentx,6,,,,,,,
@AmpedUpPodcast,,Joseph Kishore,@jkishore,6,,,,,,,
@AmpedUpPodcast,,Howie Hawkins,@HowieHawkins,6,,,,,,,
@AmpedUpPodcast,,Brian Matlock,@KansasBrian,6,,,,,,,
@BadFaithPod,,Sedinam Moyowasifza-Curry,@skcmcurry,7,,,,,,,
@BadFaithPod,,"James G. ""Jesse Ventura"" Janos",@GovJVentura,7,,,,,,,
@BadFaithPod,,Marianne Williamson,@marwilliamson,7,,,,,,,
@BadFaithPod,,David B. Collins,@dbcgreentx,7,,,,,,,
@BadFaithPod,,Howie Hawkins,@HowieHawkins,7,,,,,,,
@BadFaithPod,,Brian Matlock,@KansasBrian,7,,,,,,,
@BadFaithPod,,Justice Democrats,@justicedems,7,,,,,,,
@LeeCamp,,Sedinam Moyowasifza-Curry,@skcmcurry,4,,,,,,,
@LeeCamp,,"James G. ""Jesse Ventura"" Janos",@GovJVentura,4,,,,,,,
@LeeCamp,,David B. Collins,@dbcgreentx,4,,,,,,,
@LeeCamp,,Howie Hawkins,@HowieHawkins,4,,,,,,,
@ProudSocialist,,Sedinam Moyowasifza-Curry,@skcmcurry,6,,,,,,,
@ProudSocialist,,Marianne Williamson,@marwilliamson,6,,,,,,,
@ProudSocialist,,David B. Collins,@dbcgreentx,6,,,,,,,
@ProudSocialist,,Joseph Kishore,@jkishore,6,,,,,,,
@ProudSocialist,,Howie Hawkins,@HowieHawkins,6,,,,,,,
@ProudSocialist,,Brian Matlock,@KansasBrian,6,,,,,,,
@RisingTheHill,,Sedinam Moyowasifza-Curry,@skcmcurry,7,,,,,,,
@RisingTheHill,,"James G. ""Jesse Ventura"" Janos",@GovJVentura,7,,,,,,,
@RisingTheHill,,Marianne Williamson,@marwilliamson,7,,,,,,,
@RisingTheHill,,David B. Collins,@dbcgreentx,7,,,,,,,
@RisingTheHill,,Howie Hawkins,@HowieHawkins,7,,,,,,,
@RisingTheHill,,Brian Matlock,@KansasBrian,7,,,,,,,
@RisingTheHill,,Justice Democrats,@justicedems,7,,,,,,,
@SocialistMMA,,Sedinam Moyowasifza-Curry,@skcmcurry,4,,,,,,,
@SocialistMMA,,Marianne Williamson,@marwilliamson,4,,,,,,,
@SocialistMMA,,David B. Collins,@dbcgreentx,4,,,,,,,
@SocialistMMA,,Brian Matlock,@KansasBrian,4,,,,,,,
@briebriejoy,,Sedinam Moyowasifza-Curry,@skcmcurry,7,,,,,,,
@briebriejoy,,"James G. ""Jesse Ventura"" Janos",@GovJVentura,7,,,,,,,
@briebriejoy,,Marianne Williamson,@marwilliamson,7,,,,,,,
@briebriejoy,,David B. Collins,@dbcgreentx,7,,,,,,,
@briebriejoy,,Howie Hawkins,@HowieHawkins,7,,,,,,,
@briebriejoy,,Brian Matlock,@KansasBrian,7,,,,,,,
@briebriejoy,,Justice Democrats,@justicedems,7,,,,,,,
@jimmy_dore,,Sedinam Moyowasifza-Curry,@skcmcurry,3,,,,,,,
@jimmy_dore,,Ibrahim A. Taher,@Ibra_Taher,3,,,,,,,
@jimmy_dore,,David B. Collins,@dbcgreentx,3,,,,,,,
@theintercept,,Sedinam Moyowasifza-Curry,@skcmcurry,9,,,,,,,
@theintercept,,"James G. ""Jesse Ventura"" Janos",@GovJVentura,9,,,,,,,
@theintercept,,Ibrahim A. Taher,@Ibra_Taher,9,,,,,,,
@theintercept,,Marianne Williamson,@marwilliamson,9,,,,,,,
@theintercept,,David B. Collins,@dbcgreentx,9,,,,,,,
@theintercept,,Howie Hawkins,@HowieHawkins,9,,,,,,,
@theintercept,,Brian Matlock,@KansasBrian,9,,,,,,,
@theintercept,,Justice Democrats,@justicedems,9,,,,,,,
@theintercept,,Max Abramson,@RepAbramson,9,,,,,,,
@RalphNader,,"James G. ""Jesse Ventura"" Janos",@GovJVentura,3,,,,,,,
@RalphNader,,Marianne Williamson,@marwilliamson,3,,,,,,,
@RalphNader,,Howie Hawkins,@HowieHawkins,3,,,,,,,
@SteveSchmidtSES,,Darcy Richardson,@DarcyRichardson,4,,,,,,,
@SteveSchmidtSES,,Joe Walsh,@WalshFreedom,4,,,,,,,
@SteveSchmidtSES,,Matthew Matern,@Matern2020,4,,,,,,,
@SteveSchmidtSES,,Jaime Harrison,@harrisonjaime,4,,,,,,,
@ComicDaveSmith,,Ibrahim A. Taher,@Ibra_Taher,5,,,,,,,
@ComicDaveSmith,,Max Abramson,@RepAbramson,5,,,,,,,
@ComicDaveSmith,,Kenneth Blevins,@LibertyCowboyKB,5,,,,,,,
@ComicDaveSmith,,John Monds,@ElectMonds,5,,,,,,,
@ComicDaveSmith,,Joe McHugh,@votejoemchugh,5,,,,,,,
@RepThomasMassie,,Ibrahim A. Taher,@Ibra_Taher,6,,,,,,,
@RepThomasMassie,,Allen R. Waters,@AllenWatersUSA,6,,,,,,,
@RepThomasMassie,,Max Abramson,@RepAbramson,6,,,,,,,
@RepThomasMassie,,Kenneth Blevins,@LibertyCowboyKB,6,,,,,,,
@RepThomasMassie,,Joe McHugh,@votejoemchugh,6,,,,,,,
@RepThomasMassie,,Gary Dye,@GaryLyndonDye,6,,,,,,,
@ProjectLincoln,,The Lincoln Project,@ProjectLincoln,6,,,,,,,
@ProjectLincoln,,Jimmy C. Ausbrooks,@jimmy4ky,6,,,,,,,
@ProjectLincoln,,Matthew Matern,@Matern2020,6,,,,,,,
@ProjectLincoln,,Pete Buttigieg,@PeteButtigieg,6,,,,,,,
@ProjectLincoln,,Jim Vandermaas,@votevandermaas,6,,,,,,,
@ProjectLincoln,,Gidget Groendyk,@GroendykGidget,6,,,,,,,
@RonFilipkowski,,The Lincoln Project,@ProjectLincoln,3,,,,,,,
@RonFilipkowski,,Jimmy C. Ausbrooks,@jimmy4ky,3,,,,,,,
@RonFilipkowski,,Jim Vandermaas,@votevandermaas,3,,,,,,,
@chkbal,,The Lincoln Project,@ProjectLincoln,4,,,,,,,
@chkbal,,Matthew Matern,@Matern2020,4,,,,,,,
@chkbal,,Jim Vandermaas,@votevandermaas,4,,,,,,,
@chkbal,,Gidget Groendyk,@GroendykGidget,4,,,,,,,
@gtconway3d,,The Lincoln Project,@ProjectLincoln,4,,,,,,,
@gtconway3d,,Matthew Matern,@Matern2020,4,,,,,,,
@gtconway3d,,Jim Vandermaas,@votevandermaas,4,,,,,,,
@gtconway3d,,Gidget Groendyk,@GroendykGidget,4,,,,,,,
@robreiner,,The Lincoln Project,@ProjectLincoln,4,,,,,,,
@robreiner,,Jimmy C. Ausbrooks,@jimmy4ky,4,,,,,,,
@robreiner,,Pete Buttigieg,@PeteButtigieg,4,,,,,,,
@robreiner,,Jim Vandermaas,@votevandermaas,4,,,,,,,
@SpeakerPelosi,,Bennie J. Smith,@BennieJSmith1,3,,,,,,,
@SpeakerPelosi,,Kamala D. Harris,@KamalaHarris,3,,,,,,,
@SpeakerPelosi,,Pete Buttigieg,@PeteButtigieg,3,,,,,,,
@davidhogg111,,Bill de Blasio,@BilldeBlasio,3,,,,,,,
@davidhogg111,,Elizabeth Warren,@ewarren,3,,,,,,,
@davidhogg111,,Jensen Bohren,@BohrenJensen,3,,,,,,,
@EmilyforCO,,Marianne Williamson,@marwilliamson,4,,,,,,,
@EmilyforCO,,Brian Matlock,@KansasBrian,4,,,,,,,
@EmilyforCO,,Justice Democrats,@justicedems,4,,,,,,,
@EmilyforCO,,Jessica Scarane,@JessforDelaware,4,,,,,,,
@HumanistReport,,Marianne Williamson,@marwilliamson,3,,,,,,,
@HumanistReport,,Howie Hawkins,@HowieHawkins,3,,,,,,,
@HumanistReport,,Jessica Scarane,@JessforDelaware,3,,,,,,,
@JordanChariton,,Marianne Williamson,@marwilliamson,4,,,,,,,
@JordanChariton,,Howie Hawkins,@HowieHawkins,4,,,,,,,
@JordanChariton,,Justice Democrats,@justicedems,4,,,,,,,
@JordanChariton,,Jessica Scarane,@JessforDelaware,4,,,,,,,
@LeverNews,,Marianne Williamson,@marwilliamson,4,,,,,,,
@LeverNews,,Brian Matlock,@KansasBrian,4,,,,,,,
@LeverNews,,Justice Democrats,@justicedems,4,,,,,,,
@LeverNews,,Jessica Scarane,@JessforDelaware,4,,,,,,,
@StatusCoup,,Marianne Williamson,@marwilliamson,4,,,,,,,
@StatusCoup,,Howie Hawkins,@HowieHawkins,4,,,,,,,
@StatusCoup,,Justice Democrats,@justicedems,4,,,,,,,
@StatusCoup,,Jessica Scarane,@JessforDelaware,4,,,,,,,
@davidsirota,,Marianne Williamson,@marwilliamson,4,,,,,,,
@davidsirota,,Brian Matlock,@KansasBrian,4,,,,,,,
@davidsirota,,Justice Democrats,@justicedems,4,,,,,,,
@davidsirota,,Jessica Scarane,@JessforDelaware,4,,,,,,,
@majorityfm,,Marianne Williamson,@marwilliamson,3,,,,,,,
@majorityfm,,Justice Democrats,@justicedems,3,,,,,,,
@majorityfm,,Jessica Scarane,@JessforDelaware,3,,,,,,,
@anthonyzenkus,,David B. Collins,@dbcgreentx,3,,,,,,,
@anthonyzenkus,,Joseph Kishore,@jkishore,3,,,,,,,
@anthonyzenkus,,Howie Hawkins,@HowieHawkins,3,,,,,,,
@carterforva,,Howie Hawkins,@HowieHawkins,3,,,,,,,
@carterforva,,Brian Matlock,@KansasBrian,3,,,,,,,
@carterforva,,Jessica Scarane,@JessforDelaware,3,,,,,,,
@benshapiro,,Annette Davis Jackson,@AnnetteDavisJa2,3,,,,,,,
@benshapiro,,Gene Siadek,@gsiadek,3,,,,,,,
@benshapiro,,Mark Stewart Greenstein,@Stewart4Liberty,3,,,,,,,
@benshapiroshow,,Annette Davis Jackson,@AnnetteDavisJa2,3,,,,,,,
@benshapiroshow,,Gene Siadek,@gsiadek,3,,,,,,,
@benshapiroshow,,Mark Stewart Greenstein,@Stewart4Liberty,3,,,,,,,
@IngrahamAngle,,Michael Katz,@drmikekatz,3,,,,,,,
@IngrahamAngle,,Edie Bukewihge,@Vote4Edie_2016,3,,,,,,,
@IngrahamAngle,,Donald Trump,@realDonaldTrump,3,,,,,,,
@IngrahamAngle,,Donald J. Trump,@realDonaldTrump,3,,,,,,,
@foxnation,,Edie Bukewihge,@Vote4Edie_2016,3,,,,,,,
@foxnation,,Gene Siadek,@gsiadek,3,,,,,,,
@foxnation,,Donna Rice,@DonnaForWyoming,3,,,,,,,
@TuckerCarlson,,Gene Siadek,@gsiadek,4,,,,,,,
@TuckerCarlson,,John Schiess,@JohnSchiess1,4,,,,,,,
@TuckerCarlson,,Donald Trump,@realDonaldTrump,4,,,,,,,
@TuckerCarlson,,Donald J. Trump,@realDonaldTrump,4,,,,,,,
@TuckerCarlson,,Gary Dye,@GaryLyndonDye,4,,,,,,,
@MikeBloomberg,,Arvin Vohra,@VoteVohra,3,,,,,,,
@MikeBloomberg,,Michael Bloomberg,@MikeBloomberg,3,,,,,,,
@MikeBloomberg,,Mark Stewart Greenstein,@Stewart4Liberty,3,,,,,,,
@LibertarianPol,,Lincoln Chafee,@LincolnChafee,3,,,,,,,
@LibertarianPol,,Mark Stewart Greenstein,@Stewart4Liberty,3,,,,,,,
@LibertarianPol,,Gary Swing,@SwingGary2,3,,,,,,,
@LPCO,,Brad Barron,@barron_ky,3,,,,,,,
@LPCO,,Joe McHugh,@votejoemchugh,3,,,,,,,
@LPCO,,Gary Swing,@SwingGary2,3,,,,,,,