Scrape Time,Subreddit Name,Post Title,Post Link,Poster Account,Poster ID,Date Posted,OP no of Likes,Total Comments,No of Comments >1000,Highest Depth,Highest Depth no of Likes
2024-05-04 21:49:17,worldnews,brazil_police_find_draft_decree_intended_to,https://www.reddit.com/r/worldnews/comments/10anyyz/brazil_police_find_draft_decree_intended_to/.json ,WebContent1,t2_12rddy,01/13/23 02:00,9859,174,3,1,1784
2024-05-04 21:49:51,politics,steve_bannon_and_maga_allies_promoted_fake_stolen,https://www.reddit.com/r/politics/comments/108e1yb/steve_bannon_and_maga_allies_promoted_fake_stolen/.json ,Arrest_The_President,t2_2xhyg4q2,01/10/23 11:31,1081,52,1,0,0
2024-05-04 21:50:12,EnoughMuskSpam,so_now_every_election_in_every_country_where,https://www.reddit.com/r/EnoughMuskSpam/comments/107bes8/so_now_every_election_in_every_country_where/.json ,shefvaidya,t2_i735muog,01/09/23 05:45,1015,94,1,0,0
2024-05-04 21:50:25,worldnews,it_hurts_my_soul_brazils_bolsonaro_ends,https://www.reddit.com/r/worldnews/comments/zhcbik/it_hurts_my_soul_brazils_bolsonaro_ends/.json ,Bald-Eagle619,t2_bp6mn2zy,12/09/22 18:27,4197,198,4,1,1249
2024-05-04 21:51:19,worldnews,it_hurts_my_soul_brazils_bolsonaro_ends,https://www.reddit.com/r/worldnews/comments/zhcbik/it_hurts_my_soul_brazils_bolsonaro_ends/.json ,Bald-Eagle619,t2_bp6mn2zy,12/09/22 18:27,4202,198,4,1,1252
2024-05-04 21:52:03,worldnews,it_hurts_my_soul_brazils_bolsonaro_ends,https://www.reddit.com/r/worldnews/comments/zhcbik/it_hurts_my_soul_brazils_bolsonaro_ends/.json ,Bald-Eagle619,t2_bp6mn2zy,12/09/22 18:27,4197,198,4,1,1248
2024-05-04 21:52:28,worldnews,lula_ticket_sues_bolsonaro_and_sons_for_abuses,https://www.reddit.com/r/worldnews/comments/zgx4o2/lula_ticket_sues_bolsonaro_and_sons_for_abuses/.json ,BlitzOrion,t2_obcwq98v,12/09/22 08:17,1108,30,1,0,0
2024-05-04 21:52:53,UpliftingNews,brazil_court_rejects_bolsonaros_election,https://www.reddit.com/r/UpliftingNews/comments/z3q10l/brazil_court_rejects_bolsonaros_election/.json ,TVRamosAlves,t2_tqjwp9hc,11/24/22 12:42,1094,27,1,0,0
2024-05-04 21:53:11,news,brazil_judge_fines_bolsonaro_allies_millions,https://www.reddit.com/r/news/comments/z367ui/brazil_judge_fines_bolsonaro_allies_millions/.json ,gorillamutila,t2_3r28o0z2,11/23/22 20:09,2287,28,1,0,0
2024-05-04 21:53:31,worldnews,brazils_electoral_court_rejects_bolsonaro,https://www.reddit.com/r/worldnews/comments/z35ika/brazils_electoral_court_rejects_bolsonaro/.json ,encoder123,t2_r7z8u,11/23/22 19:36,56385,199,11,3,1592
2024-05-04 21:54:37,worldnews,brazils_electoral_court_rejects_bolsonaro,https://www.reddit.com/r/worldnews/comments/z35ika/brazils_electoral_court_rejects_bolsonaro/.json ,encoder123,t2_r7z8u,11/23/22 19:36,56385,199,11,3,1588
2024-05-04 21:55:24,animetitties,brazils_electoral_court_rejects_bolsonaro,https://www.reddit.com/r/anime_titties/comments/z35cpe/brazils_electoral_court_rejects_bolsonaro/.json ,vitorgrs,t2_pjahg,11/23/22 19:28,1729,89,1,0,0
2024-05-04 21:55:49,news,brazils_electoral_court_rejects_bolsonaro,https://www.reddit.com/r/news/comments/z35byl/brazils_electoral_court_rejects_bolsonaro/.json ,vitorgrs,t2_pjahg,11/23/22 19:27,5071,83,1,0,0
2024-05-04 21:56:08,news,bolsonaro_contests_brazil_election_loss_wants,https://www.reddit.com/r/news/comments/z2itdj/bolsonaro_contests_brazil_election_loss_wants/.json ,[deleted],0,11/23/22 02:36,1432,135,1,0,0
2024-05-04 21:56:22,worldnews,brazils_bolsonaro_files_complaint_to_challenge,https://www.reddit.com/r/worldnews/comments/z23rem/brazils_bolsonaro_files_complaint_to_challenge/.json ,Synchrotr0n,t2_607rw,11/22/22 15:17,1652,110,1,0,0
2024-05-04 21:56:55,MapPorn,what_if_brazil_had_an_electoral_college_like_the,https://www.reddit.com/r/MapPorn/comments/ytbkjy/what_if_brazil_had_an_electoral_college_like_the/.json ,[deleted],0,11/12/22 11:24,3445,200,1,0,0
2024-05-04 21:57:06,ActualPublicFreakouts,forced_to_apologize_for_supporting_bolsonaro_in,https://www.reddit.com/r/ActualPublicFreakouts/comments/ytarjk/forced_to_apologize_for_supporting_bolsonaro_in/.json ,hlflf,t2_mh714wt2,11/12/22 10:54,3419,196,2,1,1892
2024-05-04 21:57:38,ActualPublicFreakouts,forced_to_apologize_for_supporting_bolsonaro_in,https://www.reddit.com/r/ActualPublicFreakouts/comments/ytarjk/forced_to_apologize_for_supporting_bolsonaro_in/.json ,hlflf,t2_mh714wt2,11/12/22 10:54,3425,196,2,1,1895
2024-05-04 21:58:00,worldnews,brazil_military_finds_no_evidence_of_election,https://www.reddit.com/r/worldnews/comments/yr0d48/brazil_military_finds_no_evidence_of_election/.json ,dutchgypsy,t2_km637,11/09/22 19:29,42889,198,5,3,1063
2024-05-04 21:59:12,worldnews,brazil_military_finds_no_evidence_of_election,https://www.reddit.com/r/worldnews/comments/yr0d48/brazil_military_finds_no_evidence_of_election/.json ,dutchgypsy,t2_km637,11/09/22 19:29,42888,198,5,3,1065
2024-05-04 22:04:52,worldnews,brazil_military_finds_no_evidence_of_election,https://www.reddit.com/r/worldnews/comments/yr0d48/brazil_military_finds_no_evidence_of_election/.json ,dutchgypsy,t2_km637,11/09/22 19:29,42890,198,5,3,1067
2024-05-04 22:13:30,worldnews,brazil_military_finds_no_evidence_of_election,https://www.reddit.com/r/worldnews/comments/yr0d48/brazil_military_finds_no_evidence_of_election/.json ,dutchgypsy,t2_km637,11/09/22 19:29,42893,198,5,3,1066
2024-05-04 22:14:48,worldnews,brazil_military_finds_no_evidence_of_election,https://www.reddit.com/r/worldnews/comments/yr0d48/brazil_military_finds_no_evidence_of_election/.json ,dutchgypsy,t2_km637,11/09/22 19:29,42889,198,5,3,1064
2024-05-04 22:15:26,worldnews,brazil_military_finds_no_evidence_of_election,https://www.reddit.com/r/worldnews/comments/yr0d48/brazil_military_finds_no_evidence_of_election/.json ,dutchgypsy,t2_km637,11/09/22 19:29,42892,198,5,3,1064
2024-05-04 22:16:09,worldnews,brazil_military_finds_no_evidence_of_election,https://www.reddit.com/r/worldnews/comments/yr0d48/brazil_military_finds_no_evidence_of_election/.json ,dutchgypsy,t2_km637,11/09/22 19:29,42894,198,5,3,1068
2024-05-04 22:16:21,worldnews,brazil_military_finds_no_evidence_of_election,https://www.reddit.com/r/worldnews/comments/yr0d48/brazil_military_finds_no_evidence_of_election/.json ,dutchgypsy,t2_km637,11/09/22 19:29,42890,198,5,3,1072
2024-05-04 22:17:08,worldnews,brazil_military_finds_no_evidence_of_election,https://www.reddit.com/r/worldnews/comments/yr0d48/brazil_military_finds_no_evidence_of_election/.json ,dutchgypsy,t2_km637,11/09/22 19:29,42890,198,5,3,1069
2024-05-04 22:18:03,worldnews,brazil_military_finds_no_evidence_of_election,https://www.reddit.com/r/worldnews/comments/yr0d48/brazil_military_finds_no_evidence_of_election/.json ,dutchgypsy,t2_km637,11/09/22 19:29,42894,198,5,3,1067
2024-05-04 22:20:24,worldnews,brazil_indonesia_and_drc_in_talks_to_form_opec_of,https://www.reddit.com/r/worldnews/comments/ympzxm/brazil_indonesia_and_drc_in_talks_to_form_opec_of/.json ,misana123,t2_5lzl17hr,11/05/22 06:18,2808,72,1,0,0
2024-05-04 22:20:43,tooktoomuch,cocaine_or_just_not_very_happy_with_the_result_of,https://www.reddit.com/r/tooktoomuch/comments/yl9amy/cocaine_or_just_not_very_happy_with_the_result_of/.json ,Dravvael_,t2_1gcvxqd,11/03/22 13:47,4346,174,1,0,0
2024-05-04 22:20:56,worldnews,its_over_jair_bolsonaro_reportedly_accepts_defeat,https://www.reddit.com/r/worldnews/comments/yk8y7y/its_over_jair_bolsonaro_reportedly_accepts_defeat/.json ,feijao_com_arroz,t2_krcbjs6s,11/02/22 11:56,7035,173,1,0,0
2024-05-04 22:21:07,news,its_over_jair_bolsonaro_reportedly_accepts_defeat,https://www.reddit.com/r/news/comments/yk51ik/its_over_jair_bolsonaro_reportedly_accepts_defeat/.json ,davetowers646,t2_7mi010hq,11/02/22 09:17,61569,197,12,4,1455
2024-05-04 22:23:35,news,its_over_jair_bolsonaro_reportedly_accepts_defeat,https://www.reddit.com/r/news/comments/yk51ik/its_over_jair_bolsonaro_reportedly_accepts_defeat/.json ,davetowers646,t2_7mi010hq,11/02/22 09:17,61571,197,12,4,1455
2024-05-04 22:24:06,news,its_over_jair_bolsonaro_reportedly_accepts_defeat,https://www.reddit.com/r/news/comments/yk51ik/its_over_jair_bolsonaro_reportedly_accepts_defeat/.json ,davetowers646,t2_7mi010hq,11/02/22 09:17,61566,197,12,4,1454
2024-05-04 22:24:59,worldnews,brazil_election_bolsonaro_thanks_supporters,https://www.reddit.com/r/worldnews/comments/yjlqup/brazil_election_bolsonaro_thanks_supporters/.json ,beligerentMagpie,t2_6874qjos,11/01/22 17:20,5046,194,3,2,1551
2024-05-04 22:26:00,news,brazils_bolsonaro_to_accept_election_loss_in,https://www.reddit.com/r/news/comments/yjcjqz/brazils_bolsonaro_to_accept_election_loss_in/.json ,davetowers646,t2_7mi010hq,11/01/22 12:02,7403,186,2,1,1388
2024-05-04 22:27:21,worldnews,brazils_bolsonaro_to_speak_today_wont_contest,https://www.reddit.com/r/worldnews/comments/yjcg07/brazils_bolsonaro_to_speak_today_wont_contest/.json ,DELAIZ,t2_29l5u844,11/01/22 11:58,20246,200,8,4,2213
2024-05-04 22:31:35,worldnews,brazils_bolsonaro_to_speak_today_wont_contest,https://www.reddit.com/r/worldnews/comments/yjcg07/brazils_bolsonaro_to_speak_today_wont_contest/.json ,DELAIZ,t2_29l5u844,11/01/22 11:58,20245,200,8,4,2213
2024-05-04 22:32:25,worldnews,brazils_bolsonaro_to_speak_today_wont_contest,https://www.reddit.com/r/worldnews/comments/yjcg07/brazils_bolsonaro_to_speak_today_wont_contest/.json ,DELAIZ,t2_29l5u844,11/01/22 11:58,20244,200,8,4,2214
2024-05-04 22:33:48,worldnews,bolsonaro_supporters_block_brazil_roads_for_a_2nd,https://www.reddit.com/r/worldnews/comments/yj9f5m/bolsonaro_supporters_block_brazil_roads_for_a_2nd/.json ,[deleted],0,11/01/22 09:58,11244,197,21,4,1001
2024-05-04 22:37:15,worldnews,bolsonaro_supporters_block_brazil_roads_for_a_2nd,https://www.reddit.com/r/worldnews/comments/yj9f5m/bolsonaro_supporters_block_brazil_roads_for_a_2nd/.json ,[deleted],0,11/01/22 09:58,11245,197,21,4,1001
2024-05-04 22:39:29,worldnews,bolsonaro_supporters_block_brazil_roads_for_a_2nd,https://www.reddit.com/r/worldnews/comments/yj9f5m/bolsonaro_supporters_block_brazil_roads_for_a_2nd/.json ,[deleted],0,11/01/22 09:58,11250,197,21,4,1004
2024-05-04 22:41:10,worldnews,bolsonaro_supporters_block_brazil_roads_for_a_2nd,https://www.reddit.com/r/worldnews/comments/yj9f5m/bolsonaro_supporters_block_brazil_roads_for_a_2nd/.json ,[deleted],0,11/01/22 09:58,11248,197,21,4,1006
2024-05-04 22:41:57,worldnews,bolsonaro_supporters_block_brazil_roads_for_a_2nd,https://www.reddit.com/r/worldnews/comments/yj9f5m/bolsonaro_supporters_block_brazil_roads_for_a_2nd/.json ,[deleted],0,11/01/22 09:58,11247,197,21,4,1001
2024-05-04 22:42:28,worldnews,brazil_judge_orders_police_to_clear_roadblocks_by,https://www.reddit.com/r/worldnews/comments/yj8ybt/brazil_judge_orders_police_to_clear_roadblocks_by/.json ,misana123,t2_5lzl17hr,11/01/22 09:38,1519,50,1,0,0
2024-05-04 22:42:49,soccer,juan_arango_i_get_sick_when_i_see_rightwing,https://www.reddit.com/r/soccer/comments/yj0mnf/juan_arango_i_get_sick_when_i_see_rightwing/.json ,Nouri34ever,t2_onybsri,11/01/22 02:14,14161,197,10,3,1229
2024-05-04 22:44:14,soccer,juan_arango_i_get_sick_when_i_see_rightwing,https://www.reddit.com/r/soccer/comments/yj0mnf/juan_arango_i_get_sick_when_i_see_rightwing/.json ,Nouri34ever,t2_onybsri,11/01/22 02:14,14161,197,10,3,1229
2024-05-04 22:45:34,worldnews,trucker_blockades_in_brazil_increase_in_wake_of,https://www.reddit.com/r/worldnews/comments/yirown/trucker_blockades_in_brazil_increase_in_wake_of/.json ,[deleted],0,10/31/22 18:59,4077,195,1,0,0
2024-05-04 22:45:50,walkaway,was_the_election_stolen_in_brazil,https://www.reddit.com/r/walkaway/comments/yioy3k/was_the_election_stolen_in_brazil/.json ,[deleted],0,10/31/22 17:06,1068,138,1,0,0
2024-05-04 22:46:03,environment,lula_cheered_for_new_climate_policies_after,https://www.reddit.com/r/environment/comments/yioc7h/lula_cheered_for_new_climate_policies_after/.json ,quellerand,t2_tduur5pq,10/31/22 16:42,1617,8,1,0,0
2024-05-04 22:47:28,CrazyFuckingVideos,elections_in_brazil,https://www.reddit.com/r/CrazyFuckingVideos/comments/yio1hr/elections_in_brazil/.json ,[deleted],0,10/31/22 16:31,10931,195,3,2,2418
2024-05-04 22:47:55,worldnews,brazils_bolsonaro_maintains_silence_after_lulas,https://www.reddit.com/r/worldnews/comments/yilfn0/brazils_bolsonaro_maintains_silence_after_lulas/.json ,Lionel54321,t2_2qz2peny,10/31/22 15:04,3918,163,1,0,0
2024-05-04 22:48:08,worldnews,brazils_bolsonaro_yet_to_concede_after_lulas,https://www.reddit.com/r/worldnews/comments/yiesf1/brazils_bolsonaro_yet_to_concede_after_lulas/.json ,CaliWilly76,t2_gg3oioga,10/31/22 11:10,24539,200,9,3,1213
2024-05-04 22:48:37,privacy,meta_and_tiktok_busted_for_actively_pushing_stop,https://www.reddit.com/r/privacy/comments/yi3tbc/meta_and_tiktok_busted_for_actively_pushing_stop/.json ,trai_dep,t2_4utj3,10/31/22 03:24,1272,26,1,0,0
2024-05-04 22:49:00,worldnews,stop_the_steal_leader_ali_alexander_calls_for_a,https://www.reddit.com/r/worldnews/comments/yi26ml/stop_the_steal_leader_ali_alexander_calls_for_a/.json ,Lahampsink,t2_8zfrnn4t,10/31/22 01:50,34560,198,12,4,1668
2024-05-04 22:49:36,animetitties,biden_congratulates_lula_for_winning_free_fair,https://www.reddit.com/r/anime_titties/comments/yi17vw/biden_congratulates_lula_for_winning_free_fair/.json ,cambeiu,t2_rj31v,10/31/22 00:57,1654,166,1,0,0
2024-05-04 22:49:48,politics,biden_congratulates_lula_on_brazil_election_win,https://www.reddit.com/r/politics/comments/yhxr0d/biden_congratulates_lula_on_brazil_election_win/.json ,Tovin_Sloves,t2_m3anugtk,10/30/22 22:03,1303,74,1,0,0
2024-05-04 22:50:05,worldnews,brazil_election_bolsonaro_defeated_as_lula_makes,https://www.reddit.com/r/worldnews/comments/yhxmpt/brazil_election_bolsonaro_defeated_as_lula_makes/.json ,checkmak01,t2_2ea964qu,10/30/22 21:57,1757,125,1,0,0
